frame,video_name,AU01,AU02,AU04,AU05,AU06,AU07,AU09,AU10,AU11,AU12,AU14,AU15,AU17,AU20,AU23,AU24,AU25,AU26,AU28,AU43
0,54_pg_2.mp4,0.570053,0.08897319,0.50855136,0.21765944,0.11733226,1.0,0.31044164,0.0019921816,0.0,0.017134698,0.14526339,0.17014004,0.38452893,0.0,0.15268953,0.1729031,0.087911874,0.109300345,0.05985087,0.341181
1,54_pg_2.mp4,0.5410761,0.1012209,0.54158187,0.21372855,0.12347654,1.0,0.3317042,0.00044988224,0.0,0.017969845,0.16337873,0.106569834,0.365054,0.0,0.16289628,0.16482693,0.19426839,0.123131305,0.13878141,0.46865994
2,54_pg_2.mp4,0.54019517,0.09795035,0.52094126,0.21765944,0.12438574,0.0,0.35598606,0.0005658228,0.0,0.01807319,0.14320546,0.09590148,0.36306193,0.0,0.13957475,0.18133065,0.042034797,0.06945046,0.024899017,0.32766056
3,54_pg_2.mp4,0.5154466,0.1182968,0.44198665,0.21565422,0.123888806,0.0,0.3463099,0.00025621423,0.0,0.017396446,0.13444912,0.13435252,0.3434143,0.0,0.14794773,0.2215581,0.06470938,0.030469645,0.07857441,0.38287672
4,54_pg_2.mp4,0.49806997,0.073887445,0.63761723,0.2158716,0.12566155,0.0,0.3390148,0.0010492811,1.0,0.01604269,0.16890003,0.29152915,0.378644,0.0,0.14250074,0.19526972,0.18151712,0.11276074,0.08048134,0.47371522
5,54_pg_2.mp4,0.56194335,0.10443711,0.52631354,0.21372855,0.12524423,1.0,0.33237585,0.0007778236,1.0,0.017344503,0.1594866,0.13903816,0.3523294,0.0,0.18382412,0.15341234,0.10938265,0.081533894,0.1157818,0.4267146
6,54_pg_2.mp4,0.58121806,0.10375609,0.6781256,0.21372855,0.12213321,0.0,0.3086538,0.00816179,1.0,0.016877607,0.18359016,0.18816835,0.37380952,0.0,0.1965445,0.22525118,0.05162979,0.09617214,0.057699416,0.48650956
7,54_pg_2.mp4,0.5446319,0.09525916,0.6048337,0.21372855,0.12579681,1.0,0.31246758,0.0021243668,0.0,0.01586639,0.1435788,0.1543115,0.3621814,0.0,0.1919417,0.2002139,0.053866982,0.059747294,0.0938463,0.5056955
8,54_pg_2.mp4,0.5437241,0.112979,0.5788126,0.21617565,0.12329635,1.0,0.3189681,0.002577353,0.0,0.014233715,0.15757084,0.15097171,0.38773346,0.0,0.13120133,0.2388781,0.09550548,0.043518584,0.13038635,0.5431928
9,54_pg_2.mp4,0.55625004,0.08021441,0.49905884,0.21572079,0.12423128,1.0,0.30310717,0.00073933264,0.0,0.017549107,0.18291609,0.18853278,0.36309618,0.0,0.17160597,0.21087027,0.16319947,0.039040565,0.10304763,0.56270164
10,54_pg_2.mp4,0.5845572,0.063308,0.6557919,0.21765944,0.121313736,0.0,0.3248354,0.0016461099,1.0,0.020255087,0.17301719,0.15679424,0.35433874,0.0,0.139027,0.24431348,0.084401324,0.06176927,0.14227162,0.5484186
11,54_pg_2.mp4,0.5425575,0.066172354,0.6320309,0.21565422,0.11773611,0.0,0.31107357,0.001607566,1.0,0.020374177,0.13603425,0.15571055,0.32395777,0.0,0.14512368,0.18294826,0.16952284,0.048318032,0.18597454,0.41039443
12,54_pg_2.mp4,0.5701446,0.070780426,0.42989534,0.21565422,0.11925285,0.0,0.28937545,0.0027871032,1.0,0.017206745,0.14042802,0.20545383,0.3338831,0.0,0.19538231,0.25354797,0.08181696,0.044033945,0.1680473,0.4099693
13,54_pg_2.mp4,0.54026884,0.1029207,0.51032186,0.21565422,0.12032875,1.0,0.27846992,0.0021786408,1.0,0.016395248,0.1446104,0.31705868,0.34576136,0.0,0.15769526,0.25644833,0.12650861,0.049127214,0.09812297,0.44904146
14,54_pg_2.mp4,0.54344517,0.10427393,0.5287233,0.21372855,0.12222795,1.0,0.284565,0.0007884575,1.0,0.016889613,0.1607189,0.27682787,0.38673574,0.0,0.17892906,0.15496027,0.27107316,0.046895754,0.14916919,0.5969397
15,54_pg_2.mp4,0.48737857,0.068845265,0.44931498,0.21765944,0.12369904,1.0,0.32024616,0.0028545244,1.0,0.019667063,0.17304145,0.283798,0.40006673,0.0,0.18155272,0.3186354,0.078927584,0.05561041,0.14726552,0.41567487
16,54_pg_2.mp4,0.5584193,0.08972294,0.6600459,0.21572079,0.118964076,0.0,0.2836686,0.0024896802,0.0,0.017463319,0.16270868,0.30351412,0.36201116,0.0,0.18626973,0.24173309,0.3002678,0.06460813,0.11775624,0.4377637
17,54_pg_2.mp4,0.5982498,0.07877953,0.57598674,0.21765944,0.12480938,1.0,0.28850055,0.0008702571,1.0,0.019237408,0.18390904,0.24493447,0.3694137,0.0,0.22009973,0.19923256,0.08831585,0.052374065,0.12413629,0.5482217
18,54_pg_2.mp4,0.5500192,0.09030579,0.5945711,0.21565422,0.11656161,0.0,0.2907272,0.0006788436,0.0,0.017519215,0.15802445,0.1395253,0.31147796,0.0,0.18790857,0.24467134,0.09029889,0.075869545,0.1458053,0.4758724
19,54_pg_2.mp4,0.62833786,0.083830714,0.7093092,0.21565422,0.11616378,1.0,0.28187668,0.0015729713,0.0,0.014916001,0.13566872,0.13720596,0.4385581,0.0,0.15655293,0.18253781,0.14848557,0.05364414,0.07349518,0.44749707
20,54_pg_2.mp4,0.61339647,0.107084975,0.6610676,0.21565422,0.12222795,0.0,0.29145154,0.0044758148,0.0,0.01719832,0.13820417,0.18042387,0.45515165,0.0,0.21805012,0.20409326,0.14273639,0.05555662,0.11561872,0.43009752
21,54_pg_2.mp4,0.5309233,0.13778663,0.5841825,0.21517536,0.11814621,1.0,0.2807134,0.00074028055,0.0,0.014294666,0.19698209,0.18443526,0.37588382,0.0,0.2205672,0.31050977,0.13227327,0.09510001,0.18389827,0.40820262
22,54_pg_2.mp4,0.56416446,0.13739727,0.54524696,0.21583447,0.114350796,1.0,0.27715433,0.0006380387,1.0,0.014359628,0.23790617,0.25536975,0.3510966,0.0,0.22639054,0.22385453,0.08957907,0.09817972,0.15597156,0.5194372
23,54_pg_2.mp4,0.5454437,0.110663936,0.57842857,0.22072719,0.08372082,1.0,0.29954863,0.0003462026,1.0,0.015476917,0.1326314,0.122373335,0.31559145,0.0,0.19581524,0.27048331,0.074920245,0.12476661,0.04307805,0.5387277
24,54_pg_2.mp4,0.6414841,0.23317415,0.18431762,0.24211271,0.0773291,0.0,0.16925447,0.0072695264,1.0,0.014214472,0.11134727,0.15432803,0.3528043,0.0,0.24079329,0.14279473,0.09743038,0.18442918,0.07299198,0.22127528
25,54_pg_2.mp4,0.6294299,0.2269536,0.17071337,0.23672853,0.0766704,0.0,0.16149259,0.008273389,0.0,0.016279744,0.11584907,0.15358257,0.33907905,0.0,0.2295198,0.16521113,0.067312956,0.12519577,0.04898071,0.19535208
26,54_pg_2.mp4,0.7766017,0.17376982,0.25450656,0.2359343,0.05980448,0.0,0.1250856,0.00018312597,0.0,0.017255476,0.14434806,0.037281986,0.320976,0.0,0.29488885,0.4194869,0.004145917,0.07134464,0.13611926,0.17989334
27,54_pg_2.mp4,0.7139192,0.18324162,0.23259842,0.21490534,0.06256163,0.0,0.17153208,0.0007971628,0.0,0.0148553355,0.12506646,0.047886133,0.34504884,0.0,0.27053782,0.3661602,0.022445966,0.07138411,0.119044974,0.17166914
28,54_pg_2.mp4,0.62793267,0.21137281,0.11523036,0.24183695,0.059012845,1.0,0.11708118,0.00048054385,0.0,0.014658199,0.17293286,0.045518927,0.31290853,0.0,0.3162066,0.34971005,0.009641999,0.17276038,0.13629973,0.1654149
29,54_pg_2.mp4,0.6885797,0.2222799,0.1339089,0.23373461,0.06378955,0.0,0.15305936,0.015777547,0.0,0.014059092,0.15535481,0.11205841,0.35109943,0.0,0.29042736,0.214731,0.045912035,0.109320305,0.15596047,0.17796512
30,54_pg_2.mp4,0.6610905,0.21782109,0.114850864,0.23291358,0.065085806,0.0,0.15192607,0.0016371196,0.0,0.015905384,0.15495928,0.08462002,0.36223257,0.0,0.27125838,0.22287025,0.041737515,0.15408762,0.17610878,0.15721856
31,54_pg_2.mp4,0.6368768,0.19732918,0.17447717,0.29810026,0.07260347,0.0,0.24505256,0.0002769439,0.0,0.017072022,0.11646219,0.1845758,0.34237444,0.0,0.25436512,0.2153726,0.040692225,0.11124486,0.11310618,0.25514716
32,54_pg_2.mp4,0.64271533,0.16021574,0.16911644,0.29411632,0.07106066,0.0,0.23257214,0.0022353204,0.0,0.017070238,0.1096767,0.10893899,0.3400525,0.0,0.21715067,0.25247532,0.01860742,0.09418846,0.08601202,0.23267703
33,54_pg_2.mp4,0.3853326,0.0946169,0.19105227,0.31873468,0.13212454,0.0,0.22466944,0.0050327866,0.0,0.038761683,0.0980984,0.10869712,0.24238244,0.0,0.28726763,0.1513633,0.9794911,0.20907876,0.018791385,0.4127274
0,19_pg_2.mp4,0.4825594,0.637399,0.6415486,0.29439232,0.16419238,0.0,0.32918113,0.10634197,0.0,0.09463222,0.72139585,0.049245104,0.36730754,1.0,0.34813783,0.35287333,0.011642592,0.16294481,0.27385896,0.23617135
1,19_pg_2.mp4,0.48833653,0.49905884,0.4569586,0.30191034,0.18757349,0.0,0.32719484,0.08266154,0.0,0.14130431,0.6877051,0.03966219,0.3868432,1.0,0.2613866,0.4199239,0.011935716,0.15541053,0.31099442,0.2002583
2,19_pg_2.mp4,0.48799384,0.6373323,0.53447497,0.28913411,0.13352758,0.0,0.32523772,0.09094953,0.0,0.108865224,0.6590328,0.030991279,0.40680346,1.0,0.2963464,0.45643634,0.105373554,0.3051381,0.19258599,0.21580055
3,19_pg_2.mp4,0.41952965,0.6185153,0.47851276,0.41081423,0.16978563,0.0,0.18419404,0.41040882,0.0,0.112302326,0.7188511,0.03932862,0.35518014,1.0,0.26357108,0.48148477,0.10151592,0.36810416,0.2994059,0.09316622
4,19_pg_2.mp4,0.44826055,0.62962836,0.6064545,0.32617256,0.19418214,0.0,0.31556323,0.21980998,0.0,0.12914903,0.6592909,0.075995415,0.3626493,1.0,0.3228464,0.48341614,0.08604291,0.339124,0.2329455,0.18031262
5,19_pg_2.mp4,0.46005955,0.56840557,0.7047385,0.34791306,0.26440948,0.0,0.2967634,0.13426843,0.0,0.1685229,0.7606727,0.081756584,0.31003824,1.0,0.27034292,0.48082668,0.015978595,0.25337976,0.31988716,0.20858094
6,19_pg_2.mp4,0.48864967,0.6097433,0.5234112,0.33145764,0.33597645,0.0,0.3183135,0.05357969,0.0,0.2275524,0.67995137,0.042030074,0.31313863,1.0,0.2507181,0.49682882,0.15096752,0.3190441,0.4210216,0.097535275
7,19_pg_2.mp4,0.43557695,0.60508543,0.6202572,0.34603447,0.35931313,0.0,0.3339826,0.21462332,0.0,0.21715976,0.6919796,0.043872423,0.29533106,1.0,0.14775862,0.54559773,0.070995,0.34775388,0.33171302,0.10001991
8,19_pg_2.mp4,0.42565012,0.63724613,0.77863234,0.3442723,0.31794,0.0,0.3392113,0.29114887,0.0,0.14861126,0.7130449,0.09811985,0.29708531,1.0,0.36766848,0.40150923,0.02205305,0.22516416,0.16584873,0.13450928
9,19_pg_2.mp4,0.448217,0.57760763,0.64706594,0.34261143,0.274232,0.0,0.35208327,0.08454703,0.0,0.14366615,0.6882581,0.041634757,0.28875166,1.0,0.26570615,0.4276609,0.063739434,0.25487286,0.24747434,0.16326486
10,19_pg_2.mp4,0.44605118,0.6242845,0.5107499,0.34829363,0.39567256,0.0,0.3056509,0.10173056,0.0,0.16634908,0.6181373,0.07258567,0.30868366,1.0,0.1788375,0.5707577,0.018036986,0.2839059,0.49215698,0.10056346
11,19_pg_2.mp4,0.51369685,0.61241215,0.6035225,0.34791306,0.27035758,0.0,0.30428717,0.5169956,0.0,0.12297868,0.6336762,0.05781161,0.29243568,1.0,0.2794947,0.5060393,0.08271735,0.28029722,0.26266265,0.2090561
12,19_pg_2.mp4,0.497854,0.5470084,0.5094019,0.31615162,0.5085998,0.0,0.3296154,0.2991624,0.0,0.18915936,0.7327833,0.07250887,0.32666558,1.0,0.2989114,0.55486494,0.065332994,0.24424261,0.5600562,0.1039272
13,19_pg_2.mp4,0.48233494,0.6114661,0.49582592,0.32945418,0.25532627,0.0,0.34135407,0.087537825,0.0,0.09175295,0.7339387,0.08306737,0.3964586,1.0,0.21747027,0.4908903,0.048784703,0.22991677,0.43134713,0.2139666
14,19_pg_2.mp4,0.47875515,0.59633523,0.48155582,0.32641152,0.24303769,0.0,0.3365597,0.077498525,0.0,0.09623213,0.7640428,0.12757389,0.38104317,1.0,0.24830244,0.4008594,0.099070415,0.29068783,0.45112792,0.26834044
15,19_pg_2.mp4,0.54074025,0.5586513,0.5524543,0.32944036,0.38184804,0.0,0.3146411,0.21418428,0.0,0.14766051,0.6464265,0.09553123,0.34806347,1.0,0.24138406,0.5250535,0.16498396,0.26538086,0.47856936,0.09255896
16,19_pg_2.mp4,0.4898114,0.605069,0.42580733,0.3412463,0.23946838,0.0,0.31905258,0.31019685,0.0,0.14391163,0.72386277,0.09861383,0.34368435,1.0,0.22786291,0.44330195,0.11067932,0.36206573,0.30453873,0.11050379
17,19_pg_2.mp4,0.47439337,0.5957889,0.5421272,0.3482256,0.20541492,0.0,0.33906135,0.40292993,0.0,0.10184537,0.6828585,0.10512389,0.30330163,1.0,0.29064748,0.41838816,0.0774433,0.23735642,0.3797024,0.16535217
18,19_pg_2.mp4,0.47716475,0.6146647,0.6608432,0.34453577,0.2421955,0.0,0.30034903,0.49538308,0.0,0.098962486,0.6635886,0.107983515,0.31555304,1.0,0.23707485,0.45271707,0.0065950523,0.24748322,0.20325992,0.17370607
19,19_pg_2.mp4,0.4760717,0.6171355,0.63696784,0.32918265,0.23660423,0.0,0.27943856,0.7806246,0.0,0.09640062,0.6277804,0.06929899,0.33151883,1.0,0.157802,0.4705553,0.0036253303,0.18102008,0.19969694,0.12769172
20,19_pg_2.mp4,0.5116022,0.6173431,0.57456285,0.33140188,0.25226524,0.0,0.3053208,0.43104097,0.0,0.13516645,0.680607,0.20157778,0.31205133,1.0,0.2672027,0.46030876,0.009879581,0.29826024,0.26762405,0.24408916
21,19_pg_2.mp4,0.45619527,0.6099533,0.6211249,0.3268523,0.28185436,0.0,0.32879385,0.07468061,0.0,0.17464878,0.7190527,0.16335885,0.28484848,1.0,0.27642688,0.4585156,0.10169906,0.24240462,0.17740907,0.11445934
22,19_pg_2.mp4,0.4618634,0.5601064,0.6581604,0.447232,0.10443073,0.0,0.21579242,0.863072,0.0,0.083143584,0.58519197,0.07404059,0.371603,1.0,0.39610797,0.5156473,0.01713433,0.3373024,0.35330582,0.072120674
23,19_pg_2.mp4,0.4359072,0.5277243,0.77054906,0.2677254,0.30152565,0.0,0.4544979,0.013828586,0.0,0.07375949,0.7987566,0.11708956,0.37370604,1.0,0.46529633,0.47899136,0.025699185,0.16004138,0.41291985,0.54715484
24,19_pg_2.mp4,0.42659524,0.5268986,0.72647196,0.2677254,0.30484515,0.0,0.45555282,0.015570033,0.0,0.068573594,0.7987566,0.094656736,0.366568,1.0,0.50976914,0.5398876,0.01882369,0.16851927,0.46472687,0.5843817
25,19_pg_2.mp4,0.41913253,0.3862086,0.8313564,0.26925057,0.34172773,1.0,0.4778883,0.009879888,0.0,0.0792804,0.7614617,0.0260689,0.39206094,1.0,0.373432,0.55071783,0.00827146,0.16552699,0.50563955,0.41684633
26,19_pg_2.mp4,0.3147505,0.3363806,0.8093464,0.29247954,0.19886847,0.0,0.5214213,0.07209023,0.0,0.06029831,0.72866434,0.051094793,0.5304652,1.0,0.48665205,0.43076766,0.018870857,0.07532383,0.47394872,0.19705865
27,19_pg_2.mp4,0.28142017,0.34556425,0.7028729,0.30512896,0.25317204,1.0,0.5105862,0.1415971,0.0,0.1767211,0.76611316,0.09388946,0.4461141,1.0,0.7258238,0.65906155,0.03595785,0.09286115,0.67233276,0.32034853
28,19_pg_2.mp4,0.17946543,0.20138142,0.51134765,0.2935427,0.445014,1.0,0.6634759,0.59933174,0.0,0.42361277,0.66401494,0.12713,0.45832255,1.0,0.5519642,0.52726,0.0837257,0.19020684,0.6961373,0.37302125
29,19_pg_2.mp4,0.19098778,0.17575693,0.55956316,0.2929112,0.445014,1.0,0.6581803,0.636417,0.0,0.40475902,0.65156424,0.20196135,0.4665507,1.0,0.59385186,0.57278436,0.21197139,0.18305433,0.7512782,0.36671215
30,19_pg_2.mp4,0.45661613,0.5923184,0.5154879,0.27906516,0.30198544,1.0,0.45745033,0.2831024,0.0,0.14733309,0.6257568,0.048416153,0.32946333,1.0,0.46344978,0.57051927,0.019856459,0.09466605,0.32365525,0.7114986
31,19_pg_2.mp4,0.52313054,0.6486894,0.9514085,0.2771775,0.3401753,0.0,0.38280314,0.029635062,0.0,0.100091845,0.5680665,0.064093456,0.36608252,1.0,0.43764025,0.4995605,0.0011814074,0.09389062,0.25729162,0.76836103
32,19_pg_2.mp4,0.399474,0.62718594,0.83962244,0.23768629,0.3282178,0.0,0.45430276,0.17703328,0.0,0.19701055,0.54012066,0.15299661,0.3221459,1.0,0.5259053,0.6100296,0.015060627,0.19288895,0.4510206,0.82035315
33,19_pg_2.mp4,0.42391,0.6722864,0.7930292,0.24209669,0.37642437,0.0,0.49464643,0.10776045,0.0,0.1755623,0.60223776,0.09761358,0.44427404,1.0,0.4753149,0.5281121,0.007644311,0.06943475,0.45737496,0.7880362
34,19_pg_2.mp4,0.41509235,0.6722864,0.75690985,0.24209669,0.37642437,0.0,0.49464643,0.12873615,0.0,0.1755623,0.630589,0.08652388,0.44528088,1.0,0.43669006,0.5136837,0.007815985,0.07317313,0.522502,0.7880362
35,19_pg_2.mp4,0.4750681,0.53703135,0.5328353,0.26141393,0.46431673,0.0,0.37495983,0.055406366,0.0,0.24501045,0.7541055,0.064548634,0.37064236,1.0,0.38607258,0.5088835,0.0043439968,0.091626205,0.10736143,0.784768
36,19_pg_2.mp4,0.54477227,0.5406522,0.45267636,0.27569208,0.46769285,0.0,0.37080228,0.012708934,0.0,0.36904463,0.8279396,0.09090507,0.31944457,1.0,0.33957127,0.5561991,0.0008046973,0.10004972,0.2677937,0.7645524
37,19_pg_2.mp4,0.58232534,0.5528893,0.51893497,0.28061897,0.4293939,0.0,0.4262519,0.04024795,0.0,0.51045597,0.72446656,0.13926053,0.32049784,1.0,0.3249284,0.41897812,0.011634321,0.1320101,0.2655256,0.77910244
38,19_pg_2.mp4,0.55164146,0.60716945,0.71865296,0.28428966,0.35459283,0.0,0.38721186,0.067772694,0.0,0.34017593,0.72194076,0.21105026,0.4050203,1.0,0.32902804,0.3233916,0.025707794,0.11009478,0.36397484,0.8259426
39,19_pg_2.mp4,0.5934617,0.5934264,0.67905784,0.27786407,0.3579712,0.0,0.39761358,0.044751164,0.0,0.30577374,0.6672691,0.21381049,0.421608,1.0,0.26100972,0.39619365,0.02742823,0.12249362,0.41946158,0.8011312
0,13_pg_2.mp4,0.4972869,0.34686485,0.21072787,0.64957136,0.20409043,0.0,0.19002888,0.04763437,0.0,0.7007773,0.74894553,0.6983899,0.6145617,0.0,0.7834351,0.75874376,0.17008117,0.19084415,0.47703168,0.0733876
1,13_pg_2.mp4,0.41735622,0.26954156,0.15384972,0.6493194,0.26123038,0.0,0.20393808,0.3969274,0.0,0.6963211,0.8024148,0.677051,0.49793118,0.0,0.80964565,0.7473833,0.13254952,0.26635993,0.58931834,0.105338246
2,13_pg_2.mp4,0.50344026,0.43623355,0.4114216,0.6352982,0.28822196,0.0,0.19298644,0.15309355,0.0,0.7007896,0.8312684,0.73624915,0.58187056,0.0,0.7067718,0.78524876,0.29392776,0.16946177,0.5584029,0.064683944
3,13_pg_2.mp4,0.5238802,0.38463253,0.15728949,0.6851195,0.26017633,0.0,0.19400862,0.121244386,1.0,0.5145082,0.79758877,0.77903455,0.4859002,0.0,0.74455345,0.77562356,0.22747324,0.33703935,0.38148296,0.0680516
4,13_pg_2.mp4,0.5391237,0.36339825,0.11981094,0.67103034,0.2916287,0.0,0.20893553,0.14716113,0.0,0.51066744,0.7440935,0.7340073,0.44862312,0.0,0.6844709,0.8177579,0.31574595,0.19822465,0.08600432,0.05750837
5,13_pg_2.mp4,0.44638795,0.29999864,0.10426001,0.64065987,0.24148913,0.0,0.17844395,0.84916437,1.0,0.70515144,0.8554928,0.7785439,0.46571967,1.0,0.80584484,0.78746754,0.09383556,0.202647,0.29454193,0.08417494
6,13_pg_2.mp4,0.43260446,0.28036612,0.094158076,0.642303,0.26491117,0.0,0.17743066,0.31926116,0.0,0.73874426,0.8392749,0.7620627,0.4973921,0.0,0.8715127,0.8040525,0.4641062,0.10975732,0.41737798,0.11615855
7,13_pg_2.mp4,0.39603776,0.3707611,0.12075769,0.65344477,0.30150905,0.0,0.1980379,0.39308453,0.0,0.6899278,0.7740537,0.8632294,0.49009344,1.0,0.7111351,0.7858582,0.24827172,0.2692102,0.40762842,0.12819482
8,13_pg_2.mp4,0.4849734,0.3527161,0.14235048,0.6464457,0.23988079,0.0,0.19674142,0.43204805,0.0,0.63893783,0.7590326,0.8061274,0.41700208,0.0,0.6138407,0.84225804,0.0868704,0.14866923,0.19180265,0.102103226
9,13_pg_2.mp4,0.49310753,0.51774585,0.19887249,0.63356996,0.25478664,0.0,0.18396698,0.18659385,0.0,0.7817739,0.7695188,0.8963995,0.58656114,0.0,0.6175551,0.76675916,0.41612405,0.20054568,0.36293274,0.084532045
10,13_pg_2.mp4,0.48073602,0.52592844,0.1512445,0.6394393,0.2194286,0.0,0.19711667,0.04939724,0.0,0.59643626,0.81806636,0.7693773,0.5310046,0.0,0.7724669,0.7634705,0.13854583,0.137304,0.26587567,0.07699927
11,13_pg_2.mp4,0.4986235,0.5546481,0.10465643,0.67506343,0.2194286,0.0,0.1801471,0.15320031,0.0,0.57573044,0.8433581,0.7646403,0.5092914,0.0,0.8167246,0.7912847,0.36979625,0.126201,0.16711949,0.09828176
12,13_pg_2.mp4,0.40963027,0.36152357,0.20236568,0.6288181,0.15492319,0.0,0.1683391,0.13075028,0.0,0.62906736,0.7480697,0.72227675,0.47099343,0.0,0.7804248,0.8601201,0.5135052,0.268405,0.427052,0.12899813
13,13_pg_2.mp4,0.47278312,0.34858415,0.29745963,0.6146328,0.15434882,0.0,0.20144743,0.10591069,1.0,0.6277462,0.7887077,0.7626071,0.5138353,0.0,0.46871907,0.7685027,0.5619646,0.16795526,0.36540574,0.11191471
14,13_pg_2.mp4,0.48863772,0.29369166,0.2913332,0.60654396,0.19077069,0.0,0.19340025,0.065578036,0.0,0.73665017,0.7428726,0.45962498,0.46289575,0.0,0.6550323,0.7656923,0.3350332,0.13085064,0.14380038,0.09712093
15,13_pg_2.mp4,0.46492386,0.32723132,0.19553581,0.6141414,0.19805416,0.0,0.18044756,0.057677396,0.0,0.69790876,0.71374387,0.5121529,0.4528501,0.0,0.541787,0.7726109,0.19722535,0.09260456,0.26301903,0.098729916
16,13_pg_2.mp4,0.4674613,0.35062984,0.15442829,0.62017846,0.19601801,0.0,0.17856972,0.20255798,1.0,0.61896986,0.6359502,0.31765878,0.3821582,0.0,0.47337338,0.77461714,0.12542897,0.1527762,0.38361642,0.113226205
17,13_pg_2.mp4,0.39575648,0.37247825,0.19167927,0.61881995,0.20362526,0.0,0.18879302,0.114678256,0.0,0.7118602,0.64310455,0.6211914,0.43995094,0.0,0.7186544,0.7385583,0.30520874,0.14969306,0.13541482,0.12883358
18,13_pg_2.mp4,0.39782435,0.33614781,0.15822484,0.66617185,0.1997345,0.0,0.19586095,0.120385945,0.0,0.76071197,0.76343673,0.5774451,0.38227287,0.0,0.60687906,0.7652749,0.1267577,0.19089086,0.2375642,0.112440325
19,13_pg_2.mp4,0.34786716,0.43292305,0.1412566,0.6670245,0.24054798,0.0,0.20739274,0.3797602,0.0,0.679385,0.73455787,0.67715967,0.47838515,1.0,0.6064072,0.7873063,0.35371575,0.22443913,0.30919278,0.113097034
20,13_pg_2.mp4,0.44203845,0.34463814,0.2447553,0.6379267,0.22812349,0.0,0.2077928,0.11894064,0.0,0.80142695,0.708233,0.7038192,0.37306574,0.0,0.6280262,0.83754516,0.5300286,0.3881069,0.32434496,0.11151963
21,13_pg_2.mp4,0.42114568,0.37163296,0.31846884,0.6295541,0.26853445,0.0,0.19460012,0.38352418,0.0,0.7862201,0.72713596,0.68596077,0.46754864,1.0,0.65433246,0.8048894,0.46504107,0.430562,0.30283046,0.14195243
22,13_pg_2.mp4,0.44423658,0.3280515,0.07882583,0.6829187,0.19805416,0.0,0.18028049,0.18525735,0.0,0.619278,0.73409545,0.6929052,0.48141587,0.0,0.65494454,0.7873296,0.11021889,0.28064227,0.22395009,0.13630809
23,13_pg_2.mp4,0.4282113,0.38249287,0.094938435,0.6544979,0.26000094,0.0,0.2050507,0.5259435,0.0,0.62737906,0.69397116,0.71900713,0.5329847,1.0,0.607555,0.7985494,0.5761747,0.20408008,0.2649106,0.12350742
24,13_pg_2.mp4,0.4139886,0.23303336,0.11391624,0.6709181,0.31300843,0.0,0.19299415,0.2081616,0.0,0.74522114,0.7155193,0.5037994,0.47640264,0.0,0.6979118,0.78275627,0.35018378,0.29483932,0.24385563,0.10959416
25,13_pg_2.mp4,0.42990178,0.3119186,0.10008257,0.67975765,0.3732907,0.0,0.18298477,0.20191063,0.0,0.75755876,0.62917763,0.6919997,0.49128312,1.0,0.6807684,0.7632437,0.6052833,0.3416643,0.22959644,0.101827994
26,13_pg_2.mp4,0.43743008,0.35239682,0.078792445,0.6735955,0.40561953,0.0,0.16593152,0.25184217,0.0,0.72262543,0.70850223,0.45842606,0.5430521,1.0,0.5371637,0.74197966,0.7252411,0.34521872,0.19892375,0.14513136
27,13_pg_2.mp4,0.4483989,0.27806604,0.10753155,0.66327065,0.27405515,0.0,0.19244137,0.24456209,0.0,0.69009125,0.79370797,0.58048946,0.5511227,1.0,0.7260903,0.86933786,0.3189346,0.2594648,0.42551163,0.067846484
28,13_pg_2.mp4,0.47011638,0.3549741,0.12027754,0.6586957,0.26605442,1.0,0.1684026,0.14742053,0.0,0.7014654,0.82108104,0.8478558,0.4577969,0.0,0.65379345,0.83825815,0.33118302,0.2811387,0.23196672,0.10499375
29,13_pg_2.mp4,0.45880806,0.2856684,0.117836304,0.60928947,0.28272364,0.0,0.1798935,0.4250413,0.0,0.6188625,0.7701525,0.6841096,0.49804902,0.0,0.71557844,0.8284036,0.5475875,0.10635129,0.2775336,0.12306453
30,13_pg_2.mp4,0.44800708,0.28654408,0.18843271,0.59501445,0.22535798,0.0,0.1754907,0.04038822,0.0,0.5373709,0.72350913,0.6393864,0.50490576,0.0,0.7312954,0.79834193,0.10289105,0.09835486,0.2714597,0.1419737
31,13_pg_2.mp4,0.39869976,0.2872853,0.2137941,0.6516185,0.23063968,0.0,0.17428774,0.33789855,0.0,0.6760512,0.7454258,0.69326586,0.5188839,0.0,0.6514443,0.7784659,0.205369,0.23323338,0.31846356,0.15146853
32,13_pg_2.mp4,0.5315196,0.29247394,0.12941086,0.6781938,0.19871838,0.0,0.18485735,0.07488766,0.0,0.6680152,0.74872756,0.8369507,0.43519545,0.0,0.58032995,0.82625204,0.40321463,0.27561224,0.44390383,0.08893358
33,13_pg_2.mp4,0.4520412,0.29021117,0.20452805,0.6375467,0.20047656,0.0,0.19116773,0.13540311,0.0,0.64426297,0.7577027,0.71374345,0.52395254,0.0,0.60499495,0.8218363,0.75691026,0.22659193,0.24868634,0.06550384
34,13_pg_2.mp4,0.52913254,0.36186537,0.21534479,0.6190869,0.21692456,0.0,0.1960728,0.1683228,1.0,0.5945998,0.7442393,0.5233771,0.5221491,0.0,0.5190766,0.7614848,0.38434458,0.18179588,0.42047822,0.06614962
35,13_pg_2.mp4,0.4951847,0.38746622,0.16141275,0.6346673,0.17628983,0.0,0.19277026,0.37810007,0.0,0.5120413,0.63053375,0.55870163,0.40755495,0.0,0.5364302,0.81746024,0.80479634,0.23256199,0.21551959,0.053742256
36,13_pg_2.mp4,0.43648013,0.30224428,0.24462363,0.6136253,0.17359577,0.0,0.18213323,0.14202368,0.0,0.4762278,0.6812587,0.476109,0.41816986,0.0,0.5397074,0.7635388,0.80534375,0.32208928,0.38606304,0.053632934
37,13_pg_2.mp4,0.44353628,0.2932619,0.2435814,0.6160724,0.19859913,0.0,0.19701713,0.3225435,0.0,0.6823018,0.75366145,0.7802059,0.43632603,0.0,0.68719244,0.7994885,0.38526204,0.36998913,0.44202244,0.06960417
38,13_pg_2.mp4,0.49099222,0.3171995,0.20376527,0.22919855,0.3918474,0.0,0.57612824,0.20111702,1.0,0.7727815,0.7288665,0.6233037,0.41146767,1.0,0.53901297,0.82878995,0.57245094,0.25329763,0.25104597,0.84774643
39,13_pg_2.mp4,0.52837247,0.19749284,0.11083267,0.22979793,0.33268136,0.0,0.5407537,0.36358163,1.0,0.57663316,0.6350984,0.6217395,0.53530496,0.0,0.6331232,0.8381465,0.56957537,0.24819706,0.28074017,0.8413879
40,13_pg_2.mp4,0.3480024,0.14622901,0.50145394,0.23058966,0.27941284,0.0,0.66562045,0.09139861,1.0,0.36846274,0.7998249,0.71704715,0.4496208,0.0,0.675316,0.8165981,0.9239533,0.16883352,0.26717073,0.7861865
41,13_pg_2.mp4,0.3311623,0.15154067,0.47938147,0.23058966,0.27941284,0.0,0.67069864,0.12460861,1.0,0.38082805,0.7925772,0.7138149,0.44831717,0.0,0.64369506,0.829219,0.9449809,0.12845528,0.19650997,0.7861865
42,13_pg_2.mp4,0.37840393,0.20417249,0.156435,0.23173817,0.35529923,0.0,0.6488932,0.52786785,0.0,0.63906956,0.75665903,0.68050253,0.49233833,0.0,0.57833153,0.77623093,0.57317626,0.22284815,0.30591822,0.61975425
43,13_pg_2.mp4,0.33048597,0.14015487,0.49681854,0.29774898,0.32338366,1.0,0.26118308,0.13345902,0.0,0.63992965,0.75398105,0.7448135,0.5632703,0.0,0.6570068,0.859792,0.2547724,0.294146,0.5582655,0.084720336
44,13_pg_2.mp4,0.37188002,0.17679207,0.55685765,0.31386262,0.37258783,1.0,0.15528587,0.4979453,0.0,0.60401493,0.8532783,0.43143228,0.459053,1.0,0.84498477,0.8744888,0.26970902,0.15832633,0.50547814,0.105974264
45,13_pg_2.mp4,0.37272054,0.26417857,0.48030058,0.31045055,0.33892283,0.0,0.20388946,0.14191288,0.0,0.6657092,0.787444,0.5935043,0.49986544,0.0,0.6749677,0.9192584,0.1937389,0.25920624,0.31043586,0.09374654
46,13_pg_2.mp4,0.3611189,0.22283721,0.64448404,0.3162918,0.3442927,0.0,0.22525635,0.66992664,0.0,0.67429996,0.80773956,0.79269254,0.4853823,0.0,0.5998749,0.8780378,0.15415356,0.28183812,0.28791288,0.08751655
47,13_pg_2.mp4,0.42667675,0.26844552,0.46811673,0.41976646,0.32387513,1.0,0.20806876,0.011983101,0.0,0.5306423,0.78871924,0.7794878,0.45646814,0.0,0.7036643,0.87637323,0.143586,0.24722922,0.37588912,0.09064508
48,13_pg_2.mp4,0.3302048,0.33499172,0.23674692,0.39521077,0.4908412,0.0,0.15922488,0.46103117,0.0,0.6143156,0.78405344,0.51273733,0.5373882,1.0,0.78557134,0.7094668,0.5937145,0.44704008,0.6724792,0.0903356
49,13_pg_2.mp4,0.5191435,0.336482,0.4184804,0.4074388,0.4336141,0.0,0.19035006,0.08382004,0.0,0.6405764,0.79892457,0.6829428,0.5334826,0.0,0.6918732,0.836929,0.28945464,0.22737308,0.49643573,0.12427435
50,13_pg_2.mp4,0.4611233,0.37268424,0.40643898,0.40702948,0.4690183,0.0,0.20383085,0.030663846,0.0,0.6340214,0.84612435,0.76245594,0.5111411,0.0,0.7943425,0.8580424,0.37176597,0.46917245,0.6452357,0.07055109
51,13_pg_2.mp4,0.48253396,0.33660352,0.47999156,0.40722322,0.4690183,0.0,0.1947588,0.03029236,0.0,0.64067554,0.84588856,0.77997106,0.5136989,0.0,0.7761048,0.85915905,0.1888508,0.44274354,0.548537,0.07655238
52,13_pg_2.mp4,0.36127988,0.257002,0.44489816,0.39681235,0.2696416,0.0,0.17244953,0.18285774,0.0,0.54373634,0.7159135,0.6054536,0.46246636,0.0,0.69166493,0.76301146,0.5321456,0.1342257,0.34905753,0.08842582
53,13_pg_2.mp4,0.4362722,0.3119358,0.5335808,0.41494748,0.44278604,1.0,0.18531662,0.48146427,0.0,0.5784878,0.74644786,0.748949,0.46757105,1.0,0.5808354,0.9093543,0.39871818,0.31046295,0.18508348,0.12332763
54,13_pg_2.mp4,0.44047585,0.29280525,0.48691243,0.36569458,0.4218862,0.0,0.2682729,0.13205127,0.0,0.72132695,0.69043535,0.762976,0.5666206,1.0,0.6886237,0.8692233,0.55980676,0.2779822,0.2802616,0.10158172
55,13_pg_2.mp4,0.5273116,0.28267136,0.3534379,0.3696229,0.34945673,0.0,0.23830563,0.6836571,0.0,0.73487085,0.7548109,0.81180024,0.5969126,0.0,0.72359914,0.9041118,0.14455509,0.13967846,0.39192617,0.09982482
56,13_pg_2.mp4,0.48093307,0.31206676,0.2892404,0.36662862,0.34706697,0.0,0.22034967,0.612095,1.0,0.7359014,0.77383584,0.6760036,0.5266904,0.0,0.67398226,0.8881078,0.16133991,0.14259544,0.41427237,0.13318036
57,13_pg_2.mp4,0.43041688,0.33556744,0.38450912,0.4014633,0.35128564,0.0,0.18493094,0.07751658,0.0,0.66236484,0.76496893,0.69688636,0.49805602,0.0,0.44857246,0.8481088,0.137241,0.2471144,0.14461145,0.07555198
58,13_pg_2.mp4,0.47656265,0.3057482,0.28366274,0.40410998,0.4690183,0.0,0.22605431,0.3577322,0.0,0.70929366,0.75666815,0.75672835,0.4702297,1.0,0.52161753,0.84875226,0.119390234,0.18426165,0.4160856,0.062008366
59,13_pg_2.mp4,0.42132756,0.27679113,0.40925556,0.40556958,0.40369502,0.0,0.1825264,0.12598288,1.0,0.7509252,0.7884814,0.7998508,0.5316955,0.0,0.48668218,0.7873314,0.34920675,0.18953434,0.2878409,0.076994136
60,13_pg_2.mp4,0.45756575,0.31628016,0.37238672,0.4299261,0.32541573,1.0,0.18850091,0.21414286,0.0,0.7016755,0.67557585,0.7863785,0.54825395,1.0,0.48384425,0.83172494,0.6057731,0.242646,0.6106366,0.109364115
0,53_pg_1.mp4,0.485525,0.22491643,0.044893272,0.2670868,0.1026717,0.0,0.121521026,0.034777418,0.0,0.03913407,0.2405153,0.6306482,0.6250084,0.0,0.41315466,0.5480644,0.0031789038,0.37005877,0.17515035,0.3143235
1,53_pg_1.mp4,0.48111856,0.24861783,0.118159555,0.2735836,0.08931465,0.0,0.09645929,0.005744832,0.0,0.022338143,0.2723675,0.8985145,0.5412321,0.0,0.31746593,0.54521054,0.0010471367,0.22516905,0.1702523,0.13328716
2,53_pg_1.mp4,0.48675963,0.23175482,0.07636733,0.2596069,0.08451286,0.0,0.091692284,0.0043572737,0.0,0.023145884,0.26683688,0.76720107,0.52574575,0.0,0.28895167,0.47593254,0.0020670374,0.25259557,0.27329004,0.11884088
3,53_pg_1.mp4,0.47640762,0.22802745,0.06965913,0.26858318,0.094671674,0.0,0.13098064,0.0035301214,0.0,0.030513488,0.24014701,0.59172124,0.62547165,0.0,0.42018312,0.47935084,0.0023781678,0.20391211,0.27841327,0.22166151
4,53_pg_1.mp4,0.5066141,0.24306177,0.13524102,0.3185037,0.09522781,0.0,0.10788444,0.020490494,0.0,0.028151058,0.2461483,0.6673797,0.59822327,0.0,0.4361822,0.6852547,0.0007259927,0.22210196,0.20299634,0.26380205
5,53_pg_1.mp4,0.5171332,0.3363813,0.048903465,0.3668355,0.08613347,0.0,0.072304994,0.017017514,0.0,0.026616972,0.24403825,0.7168529,0.5585991,0.0,0.505564,0.5426373,0.02324846,0.35932356,0.41477123,0.085306
6,53_pg_1.mp4,0.52327627,0.42630717,0.026654858,0.3503143,0.08337891,0.0,0.072914675,0.009268902,0.0,0.039469674,0.23666073,0.7880272,0.57586,0.0,0.4790814,0.59888923,0.037418965,0.2688978,0.16164656,0.11677136
7,53_pg_1.mp4,0.5427773,0.35068023,0.039947335,0.31564236,0.09044312,0.0,0.072914675,0.012853979,0.0,0.043034337,0.31262124,0.8172752,0.5623609,0.0,0.39585555,0.6247426,0.0063224896,0.28505334,0.31093428,0.10571457
8,53_pg_1.mp4,0.5786711,0.3783787,0.024568412,0.36046684,0.093072936,0.0,0.072304994,0.036038343,0.0,0.042650636,0.22548802,0.8622047,0.588513,0.0,0.38826254,0.5719943,0.015949106,0.22801898,0.23967364,0.09969946
9,53_pg_1.mp4,0.5347058,0.32179412,0.06821658,0.36906755,0.094540074,0.0,0.072914675,0.048027493,0.0,0.040960733,0.2051362,0.77670026,0.61532813,0.0,0.39236152,0.6127563,0.019565912,0.27171904,0.38976383,0.09637264
10,53_pg_1.mp4,0.53283954,0.3111177,0.050510146,0.35737866,0.09663779,0.0,0.072304994,0.009967644,0.0,0.03677053,0.24925482,0.74987,0.5390769,0.0,0.40942183,0.5829546,0.0034046164,0.24160188,0.31940746,0.10492155
11,53_pg_1.mp4,0.488273,0.37737975,0.062218998,0.3657564,0.097610116,0.0,0.072304994,0.025432974,0.0,0.032994937,0.23632412,0.81227255,0.5388973,0.0,0.32965615,0.5654185,0.0022257385,0.35714626,0.29668534,0.11187078
12,53_pg_1.mp4,0.5142304,0.3294827,0.053560577,0.35599473,0.08601995,0.0,0.072304994,0.0041659237,0.0,0.03726853,0.23653714,0.82026845,0.602824,0.0,0.39847794,0.57693225,0.0022556924,0.2936424,0.2467408,0.16634865
13,53_pg_1.mp4,0.553368,0.2469815,0.060716596,0.353335,0.086817294,0.0,0.072304994,0.005938569,0.0,0.032647442,0.25243208,0.64636225,0.5747552,0.0,0.35800022,0.5639901,0.020252269,0.4457781,0.3123764,0.16114794
14,53_pg_1.mp4,0.5579533,0.39522123,0.032544285,0.35046712,0.09462372,0.0,0.072043,0.0058034593,0.0,0.023517264,0.2687283,0.77990663,0.5276775,0.0,0.33078578,0.4961427,0.0028584905,0.41380298,0.32552853,0.08731739
15,53_pg_1.mp4,0.51271135,0.24709843,0.05611055,0.2951685,0.08748408,0.0,0.07204418,0.0068615032,0.0,0.03581129,0.3093633,0.74984926,0.60242325,0.0,0.30519432,0.6196647,0.0059429985,0.49738047,0.19152187,0.09544141
16,53_pg_1.mp4,0.52470124,0.3344746,0.04437384,0.30093792,0.09338967,0.0,0.086094,0.008221629,0.0,0.035011433,0.31250983,0.72565204,0.5700023,0.0,0.31013185,0.7057616,0.01765526,0.27212203,0.40036288,0.122561485
0,33_pg_4.mp4,0.16549893,0.12609817,0.26911563,0.53133005,0.21903068,1.0,0.117538616,0.0006267904,1.0,0.20416091,0.5764806,0.1999119,0.7648147,0.0,0.77040184,0.8171954,0.0051240185,0.16132423,0.93500596,0.034143873
1,33_pg_4.mp4,0.19565663,0.12038307,0.2868324,0.51971155,0.21201055,0.0,0.118911,0.0028345857,1.0,0.2182922,0.6095876,0.28183335,0.7442102,0.0,0.7661484,0.77413994,0.0060949647,0.14081462,0.9319106,0.03531528
2,33_pg_4.mp4,0.11943862,0.10058775,0.16800392,0.534582,0.1789999,0.0,0.09148197,0.007221846,1.0,0.19143511,0.515994,0.12603858,0.7076548,0.0,0.71153975,0.76774806,0.0016903075,0.21826708,0.9075606,0.032679006
3,33_pg_4.mp4,0.15917492,0.079447426,0.23524313,0.5562722,0.19929004,0.0,0.10755375,0.010826178,1.0,0.17187104,0.5595086,0.2353688,0.70265824,0.0,0.7037633,0.7414307,0.03465563,0.22810915,0.86519545,0.034525137
4,33_pg_4.mp4,0.18104002,0.1095232,0.22538778,0.55464345,0.20175783,0.0,0.117250614,0.010356123,1.0,0.18382736,0.6457626,0.37020037,0.7217665,0.0,0.7393057,0.79847056,0.03151351,0.2267003,0.91225165,0.04321059
5,33_pg_4.mp4,0.19309835,0.099333234,0.25487965,0.5235868,0.31367794,0.0,0.14313768,0.08198241,1.0,0.3666313,0.5547972,0.27908155,0.7566621,0.0,0.70808464,0.8439936,0.0053410595,0.12757403,0.7598272,0.040488567
6,33_pg_4.mp4,0.15798669,0.074868634,0.32335553,0.5332616,0.33646408,0.0,0.13923599,0.017757537,1.0,0.4521118,0.65234673,0.37805474,0.73261774,0.0,0.69154763,0.7259009,0.0037573036,0.20026256,0.86129767,0.061437923
7,33_pg_4.mp4,0.13562489,0.10027991,0.36890307,0.539412,0.498496,0.0,0.16964032,0.022690682,0.0,0.49440575,0.5512378,0.21231687,0.7545379,1.0,0.7415938,0.6608242,0.028320156,0.10228954,0.62286866,0.07278645
8,33_pg_4.mp4,0.10737901,0.10031546,0.3826012,0.550946,0.27713862,0.0,0.11436329,0.023883615,0.0,0.23872437,0.628078,0.31834942,0.74003,0.0,0.7241232,0.8313564,0.0044539897,0.13007751,0.64982605,0.05846945
9,33_pg_4.mp4,0.11733952,0.094715394,0.33190626,0.5794202,0.29028285,0.0,0.13990131,0.04603966,0.0,0.25978813,0.5486983,0.3045751,0.72572017,0.0,0.7879822,0.7777024,0.028066449,0.12524582,0.76142013,0.05846945
10,33_pg_4.mp4,0.13645469,0.12563698,0.416375,0.57438,0.27239186,0.0,0.12947832,0.016303021,1.0,0.33311114,0.57387805,0.36954817,0.748295,0.0,0.8205404,0.8283788,0.0003503033,0.11320776,0.6133322,0.045386966
11,33_pg_4.mp4,0.13150354,0.1229505,0.40729854,0.5638545,0.2683878,0.0,0.12407993,0.027270678,1.0,0.3632434,0.58243895,0.34972835,0.7467614,0.0,0.8089645,0.85204965,0.00042041027,0.09619342,0.5883481,0.050725266
12,33_pg_4.mp4,0.14192098,0.14256479,0.369756,0.49902302,0.2832034,1.0,0.14565602,0.12074562,0.0,0.32874826,0.6380932,0.25365034,0.7455366,0.0,0.71764743,0.7952105,0.00067531265,0.074808516,0.792498,0.0407107
13,33_pg_4.mp4,0.12096484,0.10258984,0.44221696,0.5659359,0.26770228,0.0,0.118714504,0.038314298,1.0,0.22317939,0.59681684,0.33935958,0.72969764,0.0,0.80087435,0.81181234,0.014222667,0.2061266,0.8576972,0.045955136
14,33_pg_4.mp4,0.11733932,0.090409614,0.42849645,0.56743157,0.26304916,0.0,0.13338904,0.015478698,0.0,0.19299473,0.5911319,0.3816066,0.70558137,0.0,0.77112174,0.77487016,0.0009813799,0.17498831,0.9047665,0.056391433
15,33_pg_4.mp4,0.13995521,0.1016014,0.4478258,0.55619323,0.27115017,0.0,0.11944967,0.01622553,1.0,0.23625553,0.5590179,0.36601102,0.74718314,0.0,0.75761145,0.8185468,0.010571562,0.16424344,0.7973523,0.0495466
16,33_pg_4.mp4,0.14250225,0.092535205,0.4005522,0.5054844,0.3152115,0.0,0.15098415,0.038496055,0.0,0.39675507,0.70284325,0.3383138,0.7215041,0.0,0.8365783,0.82129806,0.015462145,0.11800275,0.57105243,0.0496275
17,33_pg_4.mp4,0.14436404,0.08972732,0.37313563,0.5159521,0.3060258,0.0,0.15048616,0.039280176,0.0,0.3813783,0.7090347,0.31845915,0.73557484,0.0,0.84739524,0.78366834,0.004642044,0.10342593,0.6158182,0.06690568
18,33_pg_4.mp4,0.1006046,0.13992502,0.47493738,0.51594514,0.32449228,1.0,0.12899865,0.03366749,1.0,0.42535484,0.6342879,0.25825185,0.7716275,0.0,0.75440073,0.8346175,0.01595674,0.07576475,0.50776714,0.045040075
19,33_pg_4.mp4,0.10354152,0.11914973,0.28865492,0.51594514,0.32449228,1.0,0.12520036,0.018359112,1.0,0.4877061,0.6191176,0.3898826,0.77100116,0.0,0.7494674,0.83983207,0.009321473,0.056510787,0.49183282,0.048106477
20,33_pg_4.mp4,0.13909648,0.12521529,0.32281289,0.511828,0.258046,0.0,0.12754883,0.019457877,1.0,0.23595144,0.6113452,0.46167657,0.7761819,0.0,0.73402566,0.78797954,0.0036385097,0.1703919,0.8877793,0.06045111
21,33_pg_4.mp4,0.14512348,0.124529,0.32190427,0.50874484,0.2589873,0.0,0.12137721,0.05217836,1.0,0.24028374,0.61961156,0.38514432,0.72848916,0.0,0.78038687,0.6897144,0.004751726,0.20567042,0.8779454,0.0385841
22,33_pg_4.mp4,0.13305844,0.10990158,0.45604932,0.53818274,0.17805614,0.0,0.0941909,0.258669,1.0,0.22562206,0.5330703,0.4736759,0.7542662,0.0,0.6117465,0.7622019,0.015320892,0.12152191,0.6223205,0.043771762
23,33_pg_4.mp4,0.12412509,0.13061832,0.3985808,0.5385447,0.1535654,0.0,0.088729836,0.13087963,1.0,0.21577498,0.5112952,0.46461114,0.72233975,0.0,0.65923727,0.7917948,0.0052095037,0.16330339,0.55802387,0.04559559
24,33_pg_4.mp4,0.12877703,0.13369662,0.43182364,0.50855756,0.13777873,0.0,0.087842695,0.25100544,1.0,0.19722603,0.54373014,0.53785974,0.7309341,0.0,0.60641366,0.74285954,0.011358189,0.22754563,0.34441158,0.046615
25,33_pg_4.mp4,0.13641584,0.10935378,0.44637132,0.559797,0.18093216,0.0,0.09243135,0.077876836,1.0,0.24514778,0.5550031,0.45903262,0.72927094,0.0,0.67479736,0.84125113,0.033199377,0.16607186,0.77252907,0.03509863
26,33_pg_4.mp4,0.11371399,0.11663205,0.58378714,0.56329924,0.18093216,0.0,0.087244436,0.027536,0.0,0.23405181,0.49556223,0.46715719,0.7276007,0.0,0.66579485,0.7317547,0.009426952,0.10414351,0.67229855,0.03887806
27,33_pg_4.mp4,0.14379933,0.12366238,0.39382678,0.55868053,0.19746017,0.0,0.119802915,0.040486783,1.0,0.20370834,0.5624538,0.30326855,0.75380266,0.0,0.7360843,0.7687144,0.006190021,0.10358183,0.79995406,0.040267695
28,33_pg_4.mp4,0.11615963,0.11058263,0.4146991,0.559797,0.19681993,0.0,0.12469607,0.081800945,1.0,0.1802489,0.606065,0.32533792,0.74026823,0.0,0.77214396,0.74677074,0.004314555,0.16975726,0.9114668,0.040267695
29,33_pg_4.mp4,0.15669161,0.12398264,0.41227144,0.53688836,0.15432557,0.0,0.09156415,0.019662729,1.0,0.20142592,0.4979432,0.44679868,0.7484687,0.0,0.69841534,0.6943662,0.0031884173,0.10648621,0.85992694,0.040136956
30,33_pg_4.mp4,0.13094339,0.08946191,0.5005252,0.55878747,0.18912224,0.0,0.108736895,0.026476951,0.0,0.18441965,0.64112455,0.32703263,0.7289686,0.0,0.78469306,0.69298863,0.00914214,0.11907493,0.8733302,0.05307813
31,33_pg_4.mp4,0.11853824,0.107556835,0.51169187,0.5595546,0.18668696,0.0,0.116438426,0.02058744,1.0,0.17980501,0.56304693,0.2967298,0.7308647,0.0,0.74600554,0.674524,0.008873779,0.14160469,0.856373,0.051203895
32,33_pg_4.mp4,0.16319524,0.14940947,0.4354866,0.4606396,0.09353218,0.0,0.08555236,0.022290768,0.0,0.10380451,0.51343673,0.37047118,0.6098668,0.0,0.7225033,0.6628021,0.007880232,0.1328938,0.8961429,0.029950438
33,33_pg_4.mp4,0.1714301,0.09607455,0.44333324,0.4364169,0.09748097,0.0,0.07736306,0.0070135747,0.0,0.11660103,0.4157346,0.4613354,0.609578,0.0,0.6965711,0.6925841,0.18624564,0.060746193,0.78675014,0.057070374
34,33_pg_4.mp4,0.14288883,0.07787954,0.3473885,0.43687257,0.08900383,0.0,0.081596605,0.0055243843,0.0,0.10215341,0.42246568,0.40016434,0.6031422,0.0,0.65912914,0.7267802,0.10643805,0.09037128,0.8249155,0.051557526
35,33_pg_4.mp4,0.17452481,0.14981267,0.38652727,0.43828782,0.089136355,0.0,0.0788546,0.023678826,0.0,0.06985967,0.47797248,0.33884105,0.6003752,0.0,0.66044,0.62311876,0.03711445,0.085889034,0.8044217,0.040266838
36,33_pg_4.mp4,0.2059439,0.11905376,0.37672016,0.43828782,0.089136355,0.0,0.08430485,0.014582633,0.0,0.057978123,0.48386663,0.42830095,0.5914989,0.0,0.7099198,0.6722389,0.14564165,0.103119,0.7643418,0.039233588
37,33_pg_4.mp4,0.14201547,0.129013,0.34406418,0.44602528,0.0913477,0.0,0.08719686,0.011402536,0.0,0.06203188,0.5125826,0.39352623,0.59356713,0.0,0.69457763,0.6819051,0.067041345,0.10396942,0.7677009,0.038235005
38,33_pg_4.mp4,0.13381632,0.10310785,0.25051668,0.42885274,0.07610129,1.0,0.07955137,0.003001174,1.0,0.05388285,0.5493773,0.31576678,0.58228546,0.0,0.64636064,0.68433315,0.005547583,0.056429427,0.7467739,0.039043497
39,33_pg_4.mp4,0.14188875,0.109356895,0.33118477,0.4359837,0.07681941,0.0,0.08344984,0.009359763,0.0,0.04373154,0.50829977,0.36994344,0.5726868,0.0,0.72665584,0.6817735,0.010731917,0.0853274,0.76994133,0.03763165
40,33_pg_4.mp4,0.096112855,0.15210465,0.22139597,0.42476615,0.07384103,0.0,0.08010284,0.014681123,0.0,0.05699999,0.4937393,0.24382982,0.57444894,0.0,0.71337044,0.71679294,0.011231363,0.11592237,0.66696244,0.030737987
41,33_pg_4.mp4,0.1175027,0.14431646,0.3984189,0.43692926,0.066366926,0.0,0.08275846,0.00311226,0.0,0.051946234,0.51149577,0.31669655,0.5717353,0.0,0.698152,0.69604474,0.02014076,0.108398974,0.65982467,0.043361425
42,33_pg_4.mp4,0.11289351,0.1594765,0.2675541,0.42424935,0.071403645,1.0,0.08306334,0.0035283018,0.0,0.06089365,0.54092985,0.26833522,0.5993333,0.0,0.7078549,0.72496843,0.0234367,0.063320905,0.80657196,0.03277775
43,33_pg_4.mp4,0.21963483,0.16642737,0.38075104,0.43671507,0.071149155,0.0,0.07776665,0.010582035,1.0,0.063302174,0.52536833,0.27565512,0.5860379,0.0,0.75830364,0.8510452,0.03946939,0.053130485,0.5227359,0.032080162
44,33_pg_4.mp4,0.1749041,0.1529152,0.2009688,0.44079465,0.071151376,0.0,0.07306913,0.011053901,0.0,0.05270356,0.46598604,0.21309125,0.59154004,0.0,0.7310345,0.7781645,0.016922526,0.059809715,0.55160034,0.037825033
45,33_pg_4.mp4,0.13234322,0.17179541,0.40137494,0.43684396,0.07336459,0.0,0.07323657,0.008956504,0.0,0.049018223,0.48319426,0.24808666,0.57738,0.0,0.70128566,0.7624151,0.053396374,0.08703164,0.6891697,0.030475892
46,33_pg_4.mp4,0.13651285,0.17141311,0.35476217,0.43563926,0.071403645,0.0,0.071956016,0.0040280926,0.0,0.04558583,0.43441898,0.19513744,0.6237214,0.0,0.6943008,0.7755553,0.025430653,0.08416846,0.7605282,0.033009663
47,33_pg_4.mp4,0.15962468,0.19262253,0.27927938,0.41930082,0.07089771,0.0,0.07312732,0.0032409178,0.0,0.06262501,0.51126426,0.3512423,0.60371715,0.0,0.6287244,0.715314,0.050999682,0.07642323,0.7951654,0.034666296
48,33_pg_4.mp4,0.17665197,0.19310637,0.3828846,0.48874032,0.14443347,0.0,0.07946509,0.030645898,1.0,0.14529166,0.45674166,0.3739851,0.72931826,0.0,0.75430876,0.6963739,0.072017424,0.19422863,0.7267695,0.043958694
49,33_pg_4.mp4,0.1700118,0.2002441,0.40566003,0.4520561,0.14325242,0.0,0.07468027,0.013824965,1.0,0.16157961,0.47294512,0.35913795,0.73318374,0.0,0.74620473,0.7409007,0.048187703,0.20315036,0.77682763,0.037150268
50,33_pg_4.mp4,0.13292918,0.16665934,0.28533864,0.60591954,0.15017463,0.0,0.07959171,0.076792836,1.0,0.30896792,0.4841078,0.39722696,0.7093364,0.0,0.7239206,0.64121616,0.1187416,0.23015605,0.7325233,0.051493768
51,33_pg_4.mp4,0.114096306,0.16276665,0.18010229,0.5953747,0.15245578,0.0,0.07931217,0.028990608,1.0,0.24586694,0.45593184,0.30050972,0.7162839,0.0,0.6749351,0.6442336,0.06325322,0.24196826,0.5692431,0.0454582
52,33_pg_4.mp4,0.35618892,0.36466673,0.57603765,0.6755475,0.17263655,0.0,0.090216205,0.0038879837,0.0,0.30256298,0.51819724,0.8104846,0.5914182,1.0,0.7455306,0.19484073,0.9687092,0.3169445,0.6219012,0.05504193
53,33_pg_4.mp4,0.33258867,0.34755987,0.5611543,0.61202776,0.20023552,1.0,0.08919648,0.016554248,0.0,0.26051158,0.3450481,0.6717812,0.58941734,1.0,0.7854463,0.038407408,0.99013746,0.54975605,0.42164513,0.07342741
54,33_pg_4.mp4,0.33412755,0.32044107,0.571328,0.6157194,0.21517313,1.0,0.08919648,0.017267706,0.0,0.25235066,0.36738193,0.52532893,0.61498094,1.0,0.7544597,0.041682206,0.9733426,0.48758435,0.49937677,0.06907934
55,33_pg_4.mp4,0.35354525,0.25735325,0.56777704,0.37601697,0.15585284,1.0,0.100767866,0.00020452095,0.0,0.11340233,0.11386894,0.42958853,0.59377784,1.0,0.75307584,0.07975423,0.98595965,0.6132719,0.4220731,0.082611114
56,33_pg_4.mp4,0.38007838,0.26270613,0.52698404,0.37447464,0.15486655,0.0,0.10481661,0.0012107758,0.0,0.12619337,0.14736405,0.4666753,0.556363,1.0,0.78084475,0.07447969,0.9942473,0.6720741,0.6211345,0.077664204
57,33_pg_4.mp4,0.3614376,0.39178985,0.40979972,0.35884497,0.11117199,0.0,0.07805582,0.0013644444,0.0,0.029592024,0.191165,0.56295043,0.61168075,1.0,0.68862665,0.26412073,0.89068353,0.306421,0.5976618,0.07759204
58,33_pg_4.mp4,0.51700556,0.27791145,0.2802201,0.24566728,0.15413694,0.0,0.1729624,0.004594232,0.0,0.0953152,0.09671452,0.45301157,0.6278076,1.0,0.5507812,0.15903525,0.42923257,0.60173625,0.18059373,0.9157418
59,33_pg_4.mp4,0.53545654,0.28818294,0.32426465,0.24566728,0.15417536,0.0,0.20127447,0.011583448,0.0,0.059029143,0.11742712,0.42682627,0.6446122,1.0,0.49632376,0.20011112,0.24301907,0.50087047,0.3362288,0.8796295
60,33_pg_4.mp4,0.5370605,0.3707453,0.29344556,0.21782066,0.1430141,0.0,0.15764268,0.007682782,0.0,0.11868572,0.1728705,0.38595,0.58197457,1.0,0.6299368,0.13008006,0.25455534,0.5802276,0.40629122,0.9305107
61,33_pg_4.mp4,0.4882398,0.37488914,0.2486045,0.21782066,0.1430141,0.0,0.17827812,0.0121733695,0.0,0.09639853,0.19248681,0.33735526,0.61195546,1.0,0.7002119,0.16401844,0.6379878,0.3720607,0.4291803,0.95616317
62,33_pg_4.mp4,0.5090598,0.3027769,0.32363635,0.21481855,0.21217728,0.0,0.3020171,0.025557298,0.0,0.13054533,0.25843993,0.32899308,0.65237284,1.0,0.649359,0.21890268,0.7555637,0.7069636,0.33960253,0.95217353
63,33_pg_4.mp4,0.53307474,0.3773567,0.19332278,0.21345824,0.16357616,0.0,0.34823206,0.0125683565,0.0,0.11757983,0.2695053,0.34285274,0.6264036,0.0,0.7109864,0.43200773,0.8132575,0.43552133,0.41447264,0.93802893
64,33_pg_4.mp4,0.53693604,0.38438234,0.18553361,0.2139861,0.16357616,0.0,0.31872165,0.008473008,0.0,0.13073508,0.2764133,0.26633656,0.6188113,0.0,0.6952946,0.3887617,0.8525602,0.3873887,0.3850842,0.9261151
65,33_pg_4.mp4,0.464178,0.18621497,0.12572996,0.2165566,0.11701512,0.0,0.34138072,0.00036229673,0.0,0.05199913,0.33055213,0.40088376,0.64369917,0.0,0.654846,0.7129765,0.32213873,0.45724124,0.85495776,0.93783313
66,33_pg_4.mp4,0.452112,0.14277217,0.10328028,0.2165566,0.11701512,0.0,0.34982654,0.0005297854,0.0,0.05988906,0.28204706,0.40181533,0.62312347,0.0,0.5860855,0.6789849,0.45576686,0.35818157,0.7601785,0.9368959
67,33_pg_4.mp4,0.56105113,0.4388935,0.07629426,0.23966908,0.10167527,0.0,0.19547345,0.0031694544,0.0,0.025615811,0.34649003,0.4500103,0.62140554,0.0,0.73701465,0.8145613,0.0076870224,0.3266009,0.7908109,0.9103532
68,33_pg_4.mp4,0.53012276,0.29537058,0.23528874,0.26629022,0.10678972,0.0,0.21243845,0.00183362,0.0,0.026211426,0.35979652,0.28569588,0.6295933,0.0,0.800519,0.7610778,0.005312797,0.21596041,0.8233038,0.84420395
69,33_pg_4.mp4,0.5338751,0.3135644,0.24176407,0.26629022,0.11033539,0.0,0.21987201,0.0023521092,0.0,0.023956086,0.37323424,0.29806775,0.6487935,0.0,0.7829086,0.7652041,0.0054426347,0.16870837,0.7926245,0.8979786
70,33_pg_4.mp4,0.6397315,0.43422848,0.45220232,0.31856492,0.102615766,0.0,0.28158423,0.0007992991,0.0,0.025337245,0.31639394,0.5212612,0.6128967,0.0,0.6723491,0.80585617,0.008500087,0.16633797,0.5314108,0.90201706
71,33_pg_4.mp4,0.6378766,0.42063966,0.3826733,0.3229691,0.105622165,0.0,0.25782225,0.0004965407,0.0,0.018871317,0.3749848,0.4695083,0.60018104,0.0,0.73951024,0.82736814,0.0045742313,0.17889036,0.6835106,0.88922083
0,1_pg_2.mp4,0.59499484,0.5634027,0.26760718,0.4039936,0.07250379,0.0,0.09777204,0.010560803,1.0,0.14585765,0.47991556,0.21326993,0.40195155,0.0,0.33978075,0.74559176,0.07042803,0.36090317,0.46903068,0.056055266
1,1_pg_2.mp4,0.52029556,0.6325599,0.17369005,0.3843704,0.07660944,0.0,0.1113965,0.014843121,1.0,0.08814954,0.5325183,0.30932721,0.40539777,0.0,0.3925513,0.6936201,0.08589892,0.22268124,0.5647767,0.043001465
2,1_pg_2.mp4,0.55654603,0.5912934,0.2042204,0.38154924,0.076511875,0.0,0.10454768,0.026364753,1.0,0.104527146,0.55259115,0.24048604,0.34111542,0.0,0.44276723,0.64583546,0.21543442,0.21726611,0.60977185,0.045956414
3,1_pg_2.mp4,0.61740756,0.6470643,0.28398356,0.39213103,0.085063785,0.0,0.111836225,0.08756443,1.0,0.10861925,0.48462725,0.3923971,0.35954878,0.0,0.4812922,0.76095843,0.08148613,0.44541863,0.7485853,0.03969687
4,1_pg_2.mp4,0.61745995,0.63159496,0.14207092,0.39752394,0.08308493,0.0,0.1107486,0.027451938,1.0,0.17954218,0.6279391,0.20484297,0.4366024,0.0,0.45503753,0.7644925,0.27015257,0.3960457,0.8067949,0.055005547
5,1_pg_2.mp4,0.5343365,0.57664794,0.17563635,0.39497003,0.09047659,0.0,0.110176645,0.020912955,1.0,0.19097656,0.5091598,0.2554088,0.46492848,0.0,0.36170083,0.81856036,0.27866217,0.27888158,0.65556395,0.04395092
6,1_pg_2.mp4,0.57841474,0.65166414,0.161721,0.6015048,0.080234535,0.0,0.10079784,0.023808,1.0,0.22653972,0.6354601,0.37108806,0.423177,0.0,0.4494594,0.79520583,0.4481885,0.5759349,0.81687087,0.038827285
7,1_pg_2.mp4,0.6092024,0.5922266,0.2158082,0.58667797,0.06740356,0.0,0.10558078,0.09451995,0.0,0.23003532,0.4734467,0.14968696,0.44642347,0.0,0.16481422,0.6813004,0.3827172,0.5969311,0.70100176,0.03941692
8,1_pg_2.mp4,0.6027491,0.63783526,0.27782363,0.59738606,0.071406744,0.0,0.09834095,0.045549475,1.0,0.15810092,0.5226556,0.21904938,0.48389688,0.0,0.31599882,0.7437377,0.55407566,0.40015182,0.4075454,0.053479977
9,1_pg_2.mp4,0.7260655,0.58958036,0.21924464,0.66161734,0.07803762,0.0,0.095074,0.009674889,1.0,0.17170237,0.5199595,0.18159135,0.42907777,0.0,0.34739137,0.7682007,0.7260963,0.46497044,0.29635274,0.05573916
10,1_pg_2.mp4,0.6717068,0.6038266,0.2209938,0.65818787,0.08396125,0.0,0.09767994,0.013755142,0.0,0.1612836,0.56444913,0.2621193,0.43455836,0.0,0.4362266,0.7370061,0.5431336,0.4657523,0.4952245,0.034344792
11,1_pg_2.mp4,0.64136887,0.6454265,0.15594067,0.5917733,0.0739778,0.0,0.085464604,0.14703669,1.0,0.28457943,0.7253238,0.24481958,0.4741319,0.0,0.50397336,0.7542342,0.20302899,0.27783343,0.47712958,0.041771524
12,1_pg_2.mp4,0.611326,0.53831804,0.27220282,0.56989956,0.073772475,0.0,0.08675297,0.123934574,1.0,0.14265986,0.67832047,0.23557878,0.47947407,0.0,0.5028577,0.80069,0.204766,0.58469796,0.49342906,0.04140877
13,1_pg_2.mp4,0.44427967,0.58180743,0.2826479,0.59055746,0.07722815,0.0,0.09384165,0.0016875402,1.0,0.07047295,0.5339881,0.2877408,0.49745008,0.0,0.5082135,0.7099173,0.54903513,0.51551414,0.4529155,0.043976568
14,1_pg_2.mp4,0.45979658,0.5069588,0.12254217,0.73434335,0.072069906,0.0,0.10095823,0.07763686,1.0,0.13551211,0.48621178,0.3426947,0.57273,0.0,0.54841316,0.68317884,0.717995,0.44818428,0.23116781,0.029555101
15,1_pg_2.mp4,0.54662365,0.50826883,0.13015907,0.73873436,0.07233705,0.0,0.09989553,0.1310625,1.0,0.13382955,0.51288956,0.3991313,0.5378718,0.0,0.4571626,0.7235541,0.5789132,0.6016729,0.27014482,0.028626107
16,1_pg_2.mp4,0.4794471,0.36455244,0.097091295,0.74339724,0.07330524,0.0,0.09234173,0.043934662,1.0,0.12830132,0.59886646,0.2913243,0.5824615,0.0,0.46938282,0.8040217,0.7659355,0.699699,0.42503896,0.026362397
17,1_pg_2.mp4,0.48363864,0.43546256,0.1596194,0.7317995,0.08999594,0.0,0.096974835,0.020250816,1.0,0.16801032,0.5969438,0.30422127,0.5837193,0.0,0.4674644,0.74855816,0.30752605,0.649178,0.58261293,0.035416283
18,1_pg_2.mp4,0.4150392,0.48878878,0.18388538,0.7354643,0.07568542,0.0,0.09066554,0.015815252,1.0,0.1379371,0.4974634,0.39614066,0.58809614,0.0,0.511852,0.7946936,0.0789972,0.6672963,0.8770424,0.051593166
19,1_pg_2.mp4,0.39890993,0.57755876,0.17262343,0.7325503,0.069469474,0.0,0.07246013,0.0035177977,1.0,0.1079142,0.453275,0.21930216,0.52364224,0.0,0.4654345,0.79404944,0.2993171,0.48016086,0.54039764,0.0438219
20,1_pg_2.mp4,0.3999271,0.5047074,0.11239327,0.7357596,0.079072535,0.0,0.074682556,0.0173955,1.0,0.11293384,0.47481623,0.22192982,0.5178702,0.0,0.62103885,0.7638581,0.16813807,0.5669201,0.71268916,0.04927667
21,1_pg_2.mp4,0.42418188,0.5107418,0.12945797,0.7482103,0.08845639,0.0,0.08799692,0.0043655997,1.0,0.12854518,0.4665397,0.32501096,0.58614576,0.0,0.6243778,0.8297449,0.17923453,0.36977723,0.59704536,0.026040688
22,1_pg_2.mp4,0.5050425,0.45863348,0.16808729,0.7539805,0.07816798,0.0,0.0760367,0.0451536,1.0,0.08997482,0.5714492,0.3030386,0.53406596,0.0,0.66415834,0.8113912,0.28231055,0.2752092,0.4329498,0.03356212
23,1_pg_2.mp4,0.3662775,0.55168,0.27885723,0.7539903,0.073981375,0.0,0.07228207,0.034229234,1.0,0.0853245,0.54307383,0.17787926,0.5521792,0.0,0.55548716,0.7399135,0.29209784,0.34367687,0.61224514,0.0481177
24,1_pg_2.mp4,0.502573,0.5036004,0.3035814,0.30103567,0.084148206,0.0,0.08605222,0.017623937,1.0,0.084036954,0.57197756,0.37284088,0.59208494,0.0,0.46601886,0.742055,0.47968486,0.2011266,0.44604844,0.03622344
25,1_pg_2.mp4,0.57800525,0.60622436,0.25736153,0.30265075,0.07311748,0.0,0.08616122,0.04886531,0.0,0.077225804,0.5346839,0.51496106,0.53009903,0.0,0.3941612,0.7281158,0.32978222,0.157863,0.39256495,0.027294297
26,1_pg_2.mp4,0.5742357,0.4684245,0.25669378,0.29812837,0.07284768,0.0,0.08452236,0.05728455,0.0,0.069881886,0.5466039,0.51228815,0.5755588,0.0,0.39048943,0.7048411,0.110352054,0.21222687,0.27606556,0.042149328
27,1_pg_2.mp4,0.6330302,0.5819238,0.13770953,0.30103567,0.08371668,0.0,0.08775347,0.08688639,1.0,0.09984756,0.40629134,0.58683056,0.59277785,0.0,0.64672196,0.80164284,0.4093322,0.28268048,0.39486456,0.033327874
28,1_pg_2.mp4,0.46087828,0.6184791,0.21600914,0.2865393,0.086747594,0.0,0.08732933,0.004093659,1.0,0.07964477,0.5769812,0.46632466,0.5460669,0.0,0.42074051,0.6841865,0.117007144,0.29055503,0.41681558,0.037362665
29,1_pg_2.mp4,0.60272664,0.5561245,0.16783418,0.28185865,0.07695315,0.0,0.08671734,0.04587959,1.0,0.08550831,0.4968848,0.53044695,0.61901134,0.0,0.5546894,0.7217837,0.25020805,0.30051318,0.46646655,0.040572755
30,1_pg_2.mp4,0.4921069,0.6268397,0.193639,0.2865393,0.06769965,0.0,0.0891769,0.18838146,1.0,0.110575154,0.618125,0.25426334,0.53201956,0.0,0.49242675,0.76586837,0.118213505,0.3201774,0.49723065,0.048302148
31,1_pg_2.mp4,0.45597684,0.580584,0.1917772,0.28216022,0.06769965,0.0,0.09040563,0.052159466,1.0,0.113466054,0.6637334,0.19827497,0.53399444,0.0,0.5128082,0.7708026,0.08217875,0.36227146,0.67078954,0.04527911
32,1_pg_2.mp4,0.54064864,0.6218746,0.20931652,0.28603464,0.079516254,0.0,0.09221819,0.055489007,0.0,0.18229727,0.60155934,0.42707103,0.6226624,0.0,0.51163465,0.70313764,0.11682452,0.5468519,0.6522043,0.033181477
33,1_pg_2.mp4,0.60367024,0.61372995,0.18050313,0.3035736,0.069958515,0.0,0.09437566,0.052023277,1.0,0.14953513,0.49838185,0.44910693,0.5787612,0.0,0.56773674,0.5553148,0.18657564,0.56500924,0.75433683,0.038892888
34,1_pg_2.mp4,0.5985924,0.6778639,0.20231009,0.33811444,0.07492247,0.0,0.09654808,0.058556646,1.0,0.19718456,0.6350395,0.51154304,0.5189516,0.0,0.4629952,0.6558538,0.17857164,0.572352,0.7431172,0.035482954
35,1_pg_2.mp4,0.58864796,0.5298146,0.29430777,0.2816603,0.0717936,0.0,0.0984954,0.2750974,1.0,0.12939808,0.65251285,0.20926018,0.48664075,0.0,0.4130885,0.67804664,0.8905728,0.41303748,0.7136457,0.041342344
36,1_pg_2.mp4,0.52932465,0.5142088,0.22306886,0.28603464,0.07665833,0.0,0.09508468,0.11454016,1.0,0.15668182,0.45966738,0.36159667,0.4796818,0.0,0.43245187,0.5783352,0.8996793,0.5304279,0.6159832,0.023849977
37,1_pg_2.mp4,0.51435757,0.662885,0.1635315,0.34605926,0.0717936,0.0,0.09559124,0.12630635,1.0,0.16941872,0.64357436,0.44203758,0.51325643,0.0,0.48378882,0.7563754,0.4992045,0.5696909,0.746594,0.032928485
38,1_pg_2.mp4,0.58219475,0.65434635,0.14139012,0.32628143,0.07935754,0.0,0.0860777,0.20106086,1.0,0.16092344,0.6604204,0.36628008,0.5234754,0.0,0.5733015,0.7494185,0.32536116,0.5057293,0.6293414,0.043741845
39,1_pg_2.mp4,0.7006018,0.6778192,0.12382223,0.32628143,0.08532248,0.0,0.091700986,0.048507083,1.0,0.119724594,0.649899,0.33365163,0.5784795,0.0,0.45938253,0.7557085,0.36585444,0.58523947,0.74946165,0.04914489
40,1_pg_2.mp4,0.51569384,0.6401356,0.30410492,0.32628143,0.07952683,0.0,0.09728861,0.039398544,1.0,0.14367664,0.7051519,0.24349095,0.48361167,0.0,0.56968415,0.87418485,0.44456095,0.59972644,0.7875405,0.042637177
41,1_pg_2.mp4,0.5671025,0.6349157,0.2370478,0.32628143,0.0809462,0.0,0.09856327,0.075215615,1.0,0.13229863,0.6502338,0.31586534,0.52834755,0.0,0.5364516,0.83375406,0.5075406,0.6411871,0.77768093,0.048902635
42,1_pg_2.mp4,0.5698724,0.52976674,0.26708403,0.32519856,0.08207666,0.0,0.08858305,0.15898122,1.0,0.11642605,0.52571636,0.3478697,0.52047586,0.0,0.6010764,0.73586464,0.509293,0.4170392,0.7791574,0.034409717
43,1_pg_2.mp4,0.6495255,0.6820194,0.2008669,0.32419214,0.08776343,0.0,0.091360845,0.016426584,1.0,0.13347927,0.6484085,0.34901398,0.48411265,0.0,0.5472925,0.78147155,0.28432536,0.69141936,0.75727624,0.035330653
44,1_pg_2.mp4,0.5188655,0.5476149,0.20055555,0.32419214,0.07852499,0.0,0.09405399,0.09819458,1.0,0.18357891,0.5982202,0.36873686,0.4932037,0.0,0.5717595,0.79806334,0.2749246,0.31661534,0.7361737,0.047592096
45,1_pg_2.mp4,0.7069505,0.62590766,0.28895587,0.32628143,0.08518115,0.0,0.10646142,0.14463769,1.0,0.12163983,0.53232867,0.39472032,0.4815639,0.0,0.5494862,0.79057723,0.6096093,0.44953206,0.6804553,0.06073354
46,1_pg_2.mp4,0.802407,0.6594359,0.33732188,0.32628143,0.083708175,0.0,0.11040983,0.12684727,1.0,0.10455237,0.5414692,0.3184542,0.4943575,0.0,0.53104955,0.76883006,0.7052744,0.6049107,0.74678636,0.057283983
47,1_pg_2.mp4,0.48740593,0.61569047,0.15352994,0.2816603,0.07361116,0.0,0.0860108,0.14440311,1.0,0.1327595,0.70858675,0.25601166,0.58912027,0.0,0.608862,0.7699593,0.13440979,0.44874886,0.6300809,0.05795222
0,25_pg_2.mp4,0.74375176,0.61348766,0.039476678,0.33571023,0.5070115,1.0,0.3820416,0.38299868,0.0,0.51425374,0.65789527,0.8910722,0.64623326,0.0,0.7026029,0.81125265,0.34599212,0.076743044,0.81768167,0.15873535
1,25_pg_2.mp4,0.78433055,0.74891365,0.04216549,0.30784523,0.418779,1.0,0.33863485,0.15000147,0.0,0.49721748,0.5661101,0.8029311,0.5892899,0.0,0.71886647,0.8226692,0.08472159,0.08210032,0.8559514,0.22884005
2,25_pg_2.mp4,0.7955879,0.7488871,0.067122675,0.31536034,0.61331236,0.0,0.4002552,0.21579061,0.0,0.5660077,0.6617526,0.8653804,0.5932599,0.0,0.67230064,0.8677911,0.112417124,0.14162597,0.7304966,0.19109452
3,25_pg_2.mp4,0.7663068,0.695241,0.053818192,0.3940673,0.3332976,0.0,0.14399858,0.59150493,1.0,0.470936,0.631922,0.53742164,0.58367574,0.0,0.76378363,0.8394553,0.65130544,0.10648623,0.8691661,0.07492584
4,25_pg_2.mp4,0.6857355,0.72142,0.13560823,0.40085143,0.36497495,0.0,0.17212947,0.40319642,1.0,0.5175856,0.4904011,0.71911746,0.505406,0.0,0.54204625,0.86362666,0.18969163,0.16721946,0.60006076,0.06585322
5,25_pg_2.mp4,0.7572491,0.67969584,0.0778132,0.41015947,0.35348925,0.0,0.1443776,0.11967587,0.0,0.32982904,0.58967435,0.7502094,0.55222416,0.0,0.5635663,0.8469885,0.5191538,0.13457946,0.8093316,0.09801603
6,25_pg_2.mp4,0.7816823,0.5869327,0.06370805,0.38198894,0.46927235,1.0,0.19824812,0.2675857,0.0,0.49322227,0.569342,0.88226515,0.51855606,0.0,0.69371563,0.7751786,0.34512714,0.1474474,0.77194834,0.09121708
7,25_pg_2.mp4,0.7792698,0.67376786,0.037203662,0.6525969,0.39518622,0.0,0.1559776,0.33578083,0.0,0.40073216,0.57699007,0.6318311,0.5663848,0.0,0.3715396,0.8377508,0.084359705,0.080961205,0.6144533,0.13897139
8,25_pg_2.mp4,0.7069894,0.65149075,0.07241259,0.45538273,0.35063463,1.0,0.1711916,0.25857174,0.0,0.2641475,0.498439,0.7124684,0.5221091,0.0,0.45903742,0.82701325,0.09102564,0.079552874,0.37366033,0.11239677
9,25_pg_2.mp4,0.7343567,0.7953515,0.035382174,0.40161976,0.44986966,0.0,0.16426417,0.7155108,0.0,0.56442344,0.54652154,0.6114335,0.4533278,0.0,0.40081534,0.88740045,0.052142292,0.06838495,0.6928675,0.11505752
10,25_pg_2.mp4,0.7606409,0.62476283,0.028695175,0.46876898,0.4078734,0.0,0.1814845,0.16356091,0.0,0.48184204,0.5706783,0.46440095,0.41691473,0.0,0.33145264,0.8439617,0.106141426,0.10238172,0.51698256,0.11926011
11,25_pg_2.mp4,0.79833317,0.66199017,0.029112019,0.45369068,0.43079725,1.0,0.16877669,0.416806,0.0,0.49171218,0.5129807,0.35846594,0.517422,0.0,0.38735968,0.848485,0.063789405,0.07953126,0.3202492,0.114578575
12,25_pg_2.mp4,0.7645541,0.62217325,0.0343644,0.4469382,0.43278104,1.0,0.17400096,0.05112617,0.0,0.47552687,0.58076334,0.39121658,0.4928027,0.0,0.35856476,0.79632694,0.18298751,0.09477815,0.44848976,0.11670025
13,25_pg_2.mp4,0.7369604,0.65318924,0.059690285,0.30509034,0.5319898,0.0,0.36286497,0.47656134,0.0,0.6691784,0.62782466,0.53690434,0.48498258,0.0,0.42798513,0.8357571,0.06108051,0.07932221,0.5240931,0.18523912
14,25_pg_2.mp4,0.6955349,0.6709901,0.059222016,0.28160655,0.67996746,0.0,0.37401083,0.47399563,0.0,0.7777502,0.5179622,0.5920917,0.45945534,0.0,0.4875262,0.8333742,0.47732192,0.10893387,0.32932946,0.23076148
15,25_pg_2.mp4,0.7558301,0.5909295,0.07175654,0.30495572,0.64801365,0.0,0.4009883,0.5042042,0.0,0.8073324,0.5683077,0.7066764,0.46889597,0.0,0.4466945,0.8471476,0.53057176,0.13332488,0.33755028,0.16703749
16,25_pg_2.mp4,0.7728616,0.6859688,0.06982968,0.48419395,0.34705862,0.0,0.18405037,0.1725678,0.0,0.68060446,0.6861138,0.5472812,0.40645128,0.0,0.3832826,0.8777938,0.33152106,0.0670195,0.6448582,0.09654719
17,25_pg_2.mp4,0.6932429,0.66595334,0.07147097,0.36131248,0.5234044,1.0,0.37354437,0.23677841,0.0,0.77411765,0.62900746,0.7772614,0.4716867,0.0,0.6009841,0.8954748,0.115133315,0.081674576,0.74959433,0.17976311
18,25_pg_2.mp4,0.63700897,0.76410747,0.06370752,0.36578858,0.5019789,0.0,0.3955574,0.6448463,0.0,0.7432383,0.6627014,0.8145887,0.5071491,1.0,0.7843521,0.8172028,0.06795774,0.08411286,0.62732863,0.16940874
19,25_pg_2.mp4,0.6892105,0.6909456,0.06423238,0.3640473,0.44554788,0.0,0.44144416,0.3564568,0.0,0.7113781,0.7070267,0.6832491,0.52390885,1.0,0.5567616,0.7916923,0.23880684,0.12662773,0.7519303,0.18875082
20,25_pg_2.mp4,0.71292764,0.78877896,0.046178732,0.51364005,0.29318345,0.0,0.2211823,0.55243826,0.0,0.6981471,0.6925856,0.5304555,0.5125732,0.0,0.66526103,0.86505467,0.30528122,0.1860413,0.85998803,0.071300104
21,25_pg_2.mp4,0.6828919,0.7527898,0.048465624,0.47054484,0.33759475,0.0,0.21756738,0.26958445,0.0,0.7120287,0.7071712,0.63217795,0.48358446,0.0,0.49184775,0.7862928,0.42722586,0.15333368,0.78440315,0.093091294
22,25_pg_2.mp4,0.7519652,0.7679043,0.051526427,0.37005168,0.4928707,1.0,0.4726528,0.10912031,0.0,0.7641001,0.68136364,0.8128993,0.5169739,1.0,0.5791803,0.7360108,0.18182017,0.2196474,0.6779512,0.16606079
23,25_pg_2.mp4,0.7328174,0.7503387,0.056080338,0.3697728,0.48531726,0.0,0.43575653,0.15720043,0.0,0.68973756,0.7145377,0.6958641,0.42830557,0.0,0.4863419,0.78059167,0.33660358,0.13232024,0.86150444,0.20196165
24,25_pg_2.mp4,0.7532224,0.7831131,0.035066,0.48201415,0.35887355,0.0,0.22007157,0.07828733,0.0,0.6953928,0.7442449,0.5418259,0.6296301,1.0,0.663649,0.87103295,0.18028748,0.18117242,0.76339865,0.11789807
25,25_pg_2.mp4,0.6888373,0.8143063,0.036858484,0.37154993,0.5120734,0.0,0.46173543,0.19826256,0.0,0.73467964,0.71467954,0.6906572,0.5979411,1.0,0.6067929,0.8795004,0.17855284,0.24731004,0.5923332,0.18799813
26,25_pg_2.mp4,0.63246745,0.66863704,0.031420834,0.47700727,0.34083372,1.0,0.21215352,0.1343995,0.0,0.6626907,0.6671583,0.7014277,0.57992464,0.0,0.65887094,0.8802639,0.29777813,0.18241686,0.73847216,0.107966274
27,25_pg_2.mp4,0.6861804,0.7313657,0.099093184,0.39985406,0.29732108,0.0,0.4905184,0.18888272,0.0,0.66491127,0.6442445,0.5878953,0.52274686,0.0,0.46630222,0.8581475,0.18247159,0.16575362,0.7814953,0.1886216
28,25_pg_2.mp4,0.7398994,0.61891675,0.1323898,0.2722805,0.6504013,0.0,0.4469421,0.20546842,0.0,0.81665176,0.7326147,0.6687402,0.50317955,1.0,0.55044645,0.89511454,0.3701567,0.09047882,0.55006146,0.2249906
29,25_pg_2.mp4,0.6165328,0.49675217,0.03865847,0.33660778,0.40611443,1.0,0.27377555,0.2702904,0.0,0.6393409,0.67132664,0.64644116,0.4998191,1.0,0.5032488,0.80642074,0.23293018,0.060385827,0.7355462,0.19830094
30,25_pg_2.mp4,0.6843763,0.7439564,0.07933783,0.4114399,0.6298408,1.0,0.22669767,0.06914782,0.0,0.7990123,0.6635705,0.6402508,0.5085843,1.0,0.52906185,0.8628411,0.7241739,0.055874236,0.6501381,0.09395045
31,25_pg_2.mp4,0.7126273,0.74235195,0.090868816,0.41865978,0.52037907,1.0,0.26267353,0.08200685,0.0,0.77189004,0.641064,0.7663005,0.45862353,0.0,0.49685642,0.84082776,0.4892916,0.08083913,0.67686975,0.084019125
32,25_pg_2.mp4,0.72364897,0.7096521,0.07765045,0.36620623,0.4437674,0.0,0.47208056,0.054540306,0.0,0.6543281,0.7172103,0.6070629,0.62350583,0.0,0.5850542,0.8933047,0.4048588,0.13072443,0.73287183,0.16172303
33,25_pg_2.mp4,0.7084334,0.70415235,0.110906556,0.3848419,0.49036676,0.0,0.5673952,0.16661131,0.0,0.7153617,0.66074306,0.70737386,0.56243783,0.0,0.4062332,0.8913202,0.37090054,0.088491954,0.8030292,0.18684998
34,25_pg_2.mp4,,,,,,,,,,,,,,,,,,,,
0,3_pg_1.mp4,0.38154244,0.34315833,0.41126844,0.57333285,0.16823514,0.0,0.17573142,0.19871509,0.0,0.17729071,0.69716364,0.06922537,0.35277808,1.0,0.49542707,0.5209019,0.11754559,0.21888545,0.16500859,0.055452246
1,3_pg_1.mp4,0.4023448,0.45288032,0.3636346,0.56958616,0.118990585,0.0,0.15840796,0.028046567,0.0,0.2139615,0.6492319,0.07824356,0.43699515,1.0,0.48648384,0.5092061,0.13665214,0.17496333,0.06448833,0.105724245
2,3_pg_1.mp4,0.37196952,0.37375954,0.18172342,0.5757151,0.17001012,0.0,0.15852298,0.22220469,1.0,0.226203,0.7129691,0.122124344,0.4394353,1.0,0.6030751,0.6681982,0.022840945,0.15745655,0.1333656,0.06579666
3,3_pg_1.mp4,0.3426097,0.34717134,0.16066694,0.63526833,0.23538417,0.0,0.1545705,0.1519899,0.0,0.343916,0.68921554,0.11347002,0.5500147,1.0,0.52651346,0.4515446,0.034093965,0.24079101,0.122347765,0.060594622
4,3_pg_1.mp4,0.375759,0.35161987,0.23044619,0.6326532,0.25224975,0.0,0.17493267,0.03830235,1.0,0.34415385,0.59485584,0.095568396,0.48937523,1.0,0.5807828,0.6121661,0.05866565,0.29470885,0.16719703,0.06568253
5,3_pg_1.mp4,0.4157124,0.5183649,0.28090268,0.5589902,0.22058228,0.0,0.17689228,0.008960085,1.0,0.35522443,0.66705424,0.13172266,0.5134106,1.0,0.5257017,0.68243414,0.14080195,0.33469036,0.13287419,0.11058613
6,3_pg_1.mp4,0.39050335,0.43501407,0.15259567,0.5946987,0.17058375,0.0,0.18917966,0.15704493,1.0,0.5274038,0.63693583,0.052514676,0.5663905,1.0,0.48750603,0.5127921,0.4411883,0.21181072,0.08876518,0.06673985
7,3_pg_1.mp4,0.37238386,0.3236669,0.19740409,0.57153183,0.19886155,0.0,0.20453097,0.30864584,1.0,0.42073873,0.64178276,0.049443047,0.5436497,1.0,0.47362858,0.72402817,0.20589155,0.12853038,0.19607304,0.07208209
8,3_pg_1.mp4,0.36920494,0.4065612,0.17050727,0.62910515,0.21113853,0.0,0.16641954,0.29978,1.0,0.4973981,0.5956302,0.08011566,0.517711,1.0,0.42264852,0.34644395,0.5167127,0.09979511,0.07062482,0.05565108
9,3_pg_1.mp4,0.3923782,0.58380556,0.2210841,0.5798842,0.12425644,0.0,0.16469148,0.040358897,0.0,0.4148368,0.57960075,0.054329384,0.5350386,1.0,0.58829963,0.7254146,0.49966085,0.15083556,0.14906634,0.068316184
10,3_pg_1.mp4,0.42058495,0.5125786,0.33259168,0.5774552,0.13560958,0.0,0.16186133,0.019204978,1.0,0.507983,0.61909395,0.09044445,0.5737665,1.0,0.47271806,0.37634835,0.1775324,0.24357149,0.13874575,0.07308204
11,3_pg_1.mp4,0.38549647,0.40015575,0.25863704,0.64431524,0.20555104,0.0,0.19001968,0.10935111,1.0,0.5162294,0.70789635,0.18126829,0.6161497,1.0,0.5156675,0.2939771,0.029139262,0.44607073,0.061652046,0.053811807
12,3_pg_1.mp4,0.38855857,0.42139417,0.33862546,0.62564,0.15109092,0.0,0.16507144,0.24732806,1.0,0.45728043,0.60774165,0.15794449,0.5311519,1.0,0.6051965,0.25635627,0.059204325,0.21366175,0.0642083,0.06874393
13,3_pg_1.mp4,0.350462,0.42024592,0.17056154,0.57324046,0.188059,0.0,0.16063485,0.07747522,1.0,0.44792575,0.6297466,0.072730266,0.47596884,1.0,0.49929616,0.29844052,0.043762233,0.17389432,0.13341457,0.046952028
14,3_pg_1.mp4,0.37843677,0.27672514,0.31855333,0.5863892,0.21691507,0.0,0.15190987,0.11651233,0.0,0.5136095,0.6762933,0.1779487,0.44649735,1.0,0.5129512,0.36337763,0.16807875,0.15134118,0.058701284,0.0649049
15,3_pg_1.mp4,0.35238048,0.31339902,0.4256008,0.57524365,0.164373,0.0,0.17376168,0.08428733,1.0,0.30054682,0.7175271,0.0614123,0.42862213,1.0,0.45849496,0.45187905,0.25274172,0.33746722,0.14869763,0.0857683
16,3_pg_1.mp4,0.3806953,0.4563407,0.1439944,0.56711686,0.1323093,0.0,0.16712494,0.041259896,0.0,0.39906326,0.5388889,0.056893982,0.37421098,1.0,0.30927548,0.59738475,0.6205556,0.17174801,0.13554628,0.08196789
17,3_pg_1.mp4,0.34828186,0.3853195,0.20996052,0.5774552,0.15472944,0.0,0.17467311,0.22879666,1.0,0.3305553,0.5509665,0.14473808,0.48246503,1.0,0.4765719,0.73248386,0.28895584,0.17877828,0.1211225,0.07052038
18,3_pg_1.mp4,0.39051145,0.47190034,0.21536668,0.5582871,0.13802715,0.0,0.1722303,0.11871815,1.0,0.34921244,0.5323715,0.07171078,0.40056372,1.0,0.38657215,0.50194776,0.035399232,0.26636085,0.069307216,0.06736333
19,3_pg_1.mp4,0.3620936,0.4731301,0.18252979,0.5590377,0.13804317,0.0,0.17500436,0.0759919,1.0,0.40189114,0.6198574,0.098883174,0.42239305,1.0,0.37830475,0.7196481,0.2738114,0.10546435,0.124938816,0.06693063
20,3_pg_1.mp4,0.41206458,0.48132643,0.2240073,0.56085086,0.12516849,0.0,0.16866411,0.037203074,0.0,0.35844782,0.54411834,0.07840312,0.41449547,1.0,0.31127545,0.60276616,0.10715828,0.26190242,0.080865055,0.102735825
21,3_pg_1.mp4,0.36535424,0.53992003,0.15275474,0.5643447,0.13606057,0.0,0.15617439,0.0027902247,1.0,0.4331042,0.6904687,0.03963756,0.5097781,1.0,0.37825438,0.7114683,0.23756376,0.18999712,0.27254745,0.057846688
22,3_pg_1.mp4,0.37453416,0.50423276,0.14595465,0.62824196,0.13849816,0.0,0.156859,0.050173104,0.0,0.37705907,0.6178708,0.06249109,0.46651116,1.0,0.3966885,0.702333,0.5109531,0.17285067,0.14682834,0.057799343
23,3_pg_1.mp4,0.41326654,0.47021788,0.22568676,0.57457745,0.12758836,0.0,0.1701384,0.06343862,0.0,0.25009137,0.6627929,0.08374516,0.49676794,1.0,0.43013847,0.70475686,0.17656343,0.06955388,0.16692106,0.072039336
24,3_pg_1.mp4,0.3806451,0.41908818,0.17319025,0.58887863,0.10703131,0.0,0.15578426,0.13016447,0.0,0.27770478,0.66335666,0.098613776,0.5137209,1.0,0.41641277,0.71233803,0.2515746,0.10675091,0.20586205,0.05536114
25,3_pg_1.mp4,0.3636934,0.4885279,0.16559978,0.5702971,0.144281,0.0,0.1550135,0.04488069,1.0,0.3343494,0.6271851,0.047753137,0.4710603,1.0,0.4321512,0.666969,0.37868094,0.20801918,0.26498044,0.08124354
26,3_pg_1.mp4,0.38360283,0.38073778,0.25559798,0.6454696,0.20337108,0.0,0.15121843,0.088841505,0.0,0.46652347,0.58700454,0.11511632,0.49399912,1.0,0.43744984,0.3263138,0.23486638,0.35420716,0.09850406,0.07602002
27,3_pg_1.mp4,0.38819987,0.3651589,0.19787273,0.58760285,0.14518759,0.0,0.16233452,0.21404167,0.0,0.40363497,0.5273323,0.13922034,0.46133685,1.0,0.47015885,0.78920376,0.25073215,0.19858289,0.08440429,0.060930464
28,3_pg_1.mp4,0.3942106,0.34493336,0.2620559,0.64451194,0.21863599,0.0,0.1697916,0.039337233,1.0,0.40925437,0.5949728,0.07335053,0.57694346,1.0,0.42114624,0.7571365,0.033200815,0.21246926,0.05023656,0.07141806
29,3_pg_1.mp4,0.3644726,0.41793165,0.17826979,0.64451194,0.14401698,0.0,0.16186783,0.066074155,1.0,0.41460776,0.5758208,0.07238937,0.4906015,1.0,0.44072944,0.72854596,0.104857326,0.14477761,0.06451871,0.0575168
30,3_pg_1.mp4,0.3604537,0.46273357,0.20028995,0.649777,0.22475153,0.0,0.15360479,0.18681869,1.0,0.4177554,0.6272958,0.086769,0.48126817,1.0,0.41517758,0.6399681,0.19205055,0.26251388,0.077844925,0.067941286
31,3_pg_1.mp4,0.35541165,0.40851015,0.2408732,0.6290009,0.17885616,0.0,0.15901046,0.25678658,1.0,0.3614602,0.6020668,0.07129573,0.5070696,1.0,0.35865635,0.66019446,0.17539975,0.35099506,0.054194685,0.046869844
32,3_pg_1.mp4,0.38064504,0.46901038,0.20923659,0.65076166,0.20358162,0.0,0.18606262,0.09363063,1.0,0.45919117,0.6457091,0.075287454,0.552048,1.0,0.506283,0.66564316,0.1443268,0.13399102,0.07648082,0.06438668
33,3_pg_1.mp4,0.35772577,0.48876607,0.22826844,0.6447232,0.2049312,0.0,0.16962896,0.013099474,1.0,0.3806813,0.64595026,0.0740222,0.53875375,1.0,0.41854584,0.6081445,0.07090156,0.088501684,0.2001861,0.0577261
34,3_pg_1.mp4,0.35413352,0.44937134,0.25544086,0.6457349,0.20382087,0.0,0.17735325,0.028993938,1.0,0.3575035,0.5840149,0.029771117,0.5017404,1.0,0.4231297,0.67744863,0.10082233,0.090414606,0.15325414,0.05920461
35,3_pg_1.mp4,0.39322156,0.4831828,0.24016638,0.5673091,0.1485263,0.0,0.17445965,0.01860203,0.0,0.26251745,0.61832196,0.02474574,0.40345803,1.0,0.3901204,0.7032495,0.12804827,0.18973811,0.18813634,0.0716079
36,3_pg_1.mp4,0.43731976,0.5230969,0.25427145,0.6342428,0.21398589,0.0,0.15988071,0.025391858,0.0,0.39653832,0.7117781,0.042027924,0.45294946,1.0,0.46958667,0.28082305,0.05664862,0.1360593,0.04781378,0.087180026
37,3_pg_1.mp4,0.3993586,0.48951563,0.083478,0.6449494,0.14233448,0.0,0.18510185,0.040721275,0.0,0.31612092,0.61388326,0.044091195,0.44132584,1.0,0.30942953,0.7320504,0.06669104,0.14415814,0.052907716,0.06884597
38,3_pg_1.mp4,0.3727791,0.47407782,0.1879083,0.57766706,0.11983293,0.0,0.15213187,0.04222555,0.0,0.23481208,0.56429785,0.06931783,0.4420983,1.0,0.26222897,0.50711745,0.09766669,0.12070795,0.16749825,0.050273515
39,3_pg_1.mp4,0.3827705,0.45261106,0.14967318,0.5660306,0.17322403,0.0,0.14717342,0.017656337,1.0,0.26290736,0.627777,0.058699287,0.487919,1.0,0.30264512,0.50904655,0.14004421,0.12874782,0.23183146,0.069239765
40,3_pg_1.mp4,0.37992007,0.4567452,0.2695749,0.64709646,0.12378576,0.0,0.15889703,0.08818633,0.0,0.29389042,0.6751846,0.09502156,0.49934152,1.0,0.40376708,0.6397854,0.03824136,0.09734946,0.072072625,0.06945209
41,3_pg_1.mp4,0.3699824,0.52050996,0.29568493,0.5790679,0.1984013,0.0,0.14402878,0.008534871,0.0,0.35965216,0.64433616,0.09553673,0.44375244,1.0,0.35826105,0.6084257,0.37383962,0.08953639,0.08658297,0.059658054
42,3_pg_1.mp4,0.40466607,0.3981893,0.22260061,0.5712689,0.12377386,0.0,0.15169416,0.01041476,1.0,0.24179095,0.51872283,0.062472757,0.43995002,1.0,0.32637295,0.39659292,0.16314481,0.09057493,0.06925143,0.13527103
43,3_pg_1.mp4,0.42612737,0.48395497,0.24361031,0.5712689,0.10881188,0.0,0.13322973,0.0054916334,0.0,0.22355926,0.62639827,0.085539356,0.43589267,1.0,0.30757275,0.3898634,0.047858316,0.13015038,0.1353923,0.14449073
44,3_pg_1.mp4,0.41194713,0.4894192,0.18351562,0.5781938,0.11158065,0.0,0.1377683,0.00081583275,0.0,0.21529089,0.60731107,0.06359313,0.44027478,1.0,0.30869073,0.40255454,0.17390403,0.130329,0.13117434,0.13801019
45,3_pg_1.mp4,0.36166152,0.47590706,0.27272832,0.58441937,0.11451399,0.0,0.1343419,0.0026669886,0.0,0.22548363,0.6289555,0.09120004,0.47360206,1.0,0.2956839,0.4051101,0.06322973,0.12936662,0.1314003,0.08983113
46,3_pg_1.mp4,0.39866036,0.44458812,0.22838518,0.5781938,0.10675406,0.0,0.13384902,0.0015797181,1.0,0.19801171,0.63405854,0.08245316,0.46962452,1.0,0.28945524,0.35791954,0.23227105,0.15624976,0.19589686,0.18709706
47,3_pg_1.mp4,0.41621885,0.49237975,0.21571386,0.5790679,0.10675406,0.0,0.14221723,0.004071,1.0,0.21980684,0.64773494,0.063347496,0.43395147,1.0,0.26885232,0.4003147,0.20411241,0.17036316,0.24151303,0.18992217
48,3_pg_1.mp4,0.4204944,0.54555243,0.1763265,0.5730052,0.12610729,0.0,0.1425796,0.0005200511,1.0,0.33229616,0.6097267,0.13231808,0.454786,1.0,0.4655142,0.28369224,0.19305953,0.2118622,0.24554698,0.02464758
49,3_pg_1.mp4,0.49697852,0.33301595,0.39804837,0.6304246,0.096618354,0.0,0.19017015,0.0063780593,0.0,0.22154619,0.7000314,0.25137684,0.39791685,1.0,0.5198606,0.11340058,0.99509674,0.6352566,0.12582184,0.03477778
50,3_pg_1.mp4,0.61931497,0.46471617,0.39414155,0.26708752,0.11809926,1.0,0.48516873,0.897983,1.0,0.28550926,0.57953763,0.57215077,0.3048427,1.0,0.4185152,0.018939918,0.99968994,0.9450267,0.04891996,0.87260914
51,3_pg_1.mp4,0.41477284,0.3988038,0.34010553,0.24651518,0.33934298,0.0,0.5717377,0.020103894,1.0,0.33610585,0.5190838,0.47651598,0.49304265,1.0,0.44612494,0.067872904,0.99340516,0.47534403,0.26300687,0.8997245
0,15_pg_1.mp4,0.4004297,0.13709073,0.6085942,0.3638951,0.1677088,0.0,0.31537002,0.49938047,0.0,0.14769469,0.81605864,0.06717165,0.3597407,1.0,0.6014783,0.6655496,0.40823096,0.45891318,0.15030874,0.054638736
1,15_pg_1.mp4,0.3724525,0.13900857,0.69368774,0.36755636,0.17023677,0.0,0.28428656,0.1576603,0.0,0.13034059,0.77252436,0.036373638,0.29332554,1.0,0.4922353,0.5656311,0.10034871,0.3773065,0.19138913,0.063445315
2,15_pg_1.mp4,0.2551337,0.090337716,0.509776,0.40474442,0.14280729,0.0,0.18307686,0.57040083,0.0,0.19781056,0.7854709,0.1274278,0.36717695,1.0,0.4956107,0.5708699,0.16646703,0.31100377,0.37671807,0.10806675
3,15_pg_1.mp4,0.39677653,0.21293823,0.4973657,0.5995378,0.17137548,0.0,0.20667802,0.18185079,0.0,0.16118577,0.7345437,0.086146556,0.29952496,1.0,0.52912104,0.5722482,0.046919115,0.34384984,0.25202024,0.0790685
4,15_pg_1.mp4,0.3249088,0.24830586,0.33466327,0.67274195,0.124407694,0.0,0.22237039,0.004794189,0.0,0.10061072,0.69140774,0.08395784,0.36923888,1.0,0.5542828,0.76013404,0.04452945,0.36410683,0.37575614,0.051478375
5,15_pg_1.mp4,0.27034846,0.25060472,0.37129542,0.66612667,0.09145958,0.0,0.18217267,0.117587425,0.0,0.10274344,0.7698159,0.16950801,0.2740723,1.0,0.5531835,0.7489251,0.031963084,0.36114538,0.40294912,0.05119827
6,15_pg_1.mp4,0.3622119,0.2318598,0.42569968,0.70037305,0.11663083,0.0,0.19291267,0.16348322,0.0,0.16376935,0.75290895,0.080099605,0.2587592,1.0,0.400637,0.5770889,0.038111035,0.45025706,0.43755594,0.049034078
7,15_pg_1.mp4,0.32902643,0.25885049,0.39519483,0.6643807,0.101641245,0.0,0.22960621,0.06339393,1.0,0.1386792,0.80026865,0.044132493,0.27617908,1.0,0.55386555,0.7803779,0.013068017,0.3706448,0.32312948,0.07023138
8,15_pg_1.mp4,0.4662251,0.31367567,0.32550445,0.66250354,0.15005948,0.0,0.18196595,0.26316342,0.0,0.1547633,0.7387561,0.04447502,0.2179043,1.0,0.53992236,0.5330395,0.16237903,0.26660866,0.4992577,0.0566868
9,15_pg_1.mp4,0.45086536,0.27701828,0.25230652,0.6366518,0.15303805,1.0,0.16809969,0.30191803,0.0,0.1567788,0.71712154,0.05541962,0.19602133,1.0,0.38408068,0.6229534,0.051233802,0.39670977,0.49538735,0.07560805
10,15_pg_1.mp4,0.509021,0.25626552,0.16724901,0.6049314,0.12653613,0.0,0.16900665,0.33495092,1.0,0.110658914,0.65196323,0.096328236,0.27434745,1.0,0.4453595,0.7125781,0.026578836,0.3567951,0.32736796,0.04227518
11,15_pg_1.mp4,0.47519222,0.2057724,0.2644269,0.6006673,0.19015959,0.0,0.17199205,0.26092735,1.0,0.14542991,0.7041285,0.1782975,0.28061843,1.0,0.44264773,0.66804,0.0130256815,0.23698424,0.3883561,0.029525854
12,15_pg_1.mp4,0.25833994,0.15449895,0.3091887,0.45786792,0.20970228,0.0,0.15513061,0.43872252,0.0,0.16425234,0.7564577,0.078206755,0.2964137,1.0,0.44037092,0.51028496,0.015510723,0.37676966,0.20093237,0.03827066
13,15_pg_1.mp4,0.31070745,0.138445,0.61427915,0.44061047,0.1693587,0.0,0.23195249,0.576453,0.0,0.13266726,0.77325946,0.13493928,0.23519005,1.0,0.49926853,0.5985885,0.032840643,0.38786644,0.5440688,0.062170647
14,15_pg_1.mp4,0.2795728,0.15119216,0.6703397,0.48098403,0.19391954,0.0,0.21969461,0.17264324,0.0,0.14217213,0.75960785,0.02039876,0.35660872,1.0,0.46328127,0.40744072,0.10307712,0.34569144,0.5634759,0.061816167
15,15_pg_1.mp4,0.34853762,0.20842062,0.749712,0.4683965,0.18531835,0.0,0.2346468,0.3364547,0.0,0.12801395,0.8342158,0.08937882,0.4038814,1.0,0.7213195,0.567625,0.29717508,0.2926068,0.327702,0.04745361
16,15_pg_1.mp4,0.3384741,0.1625318,0.68390447,0.47044286,0.18531835,0.0,0.23721223,0.49811497,0.0,0.13225928,0.83793926,0.07318976,0.4070025,1.0,0.7030579,0.5573897,0.09435737,0.3091346,0.5432785,0.05227888
17,15_pg_1.mp4,0.3509413,0.15754457,0.5522936,0.48217118,0.16341667,0.0,0.22786254,0.36338103,0.0,0.13266197,0.85676616,0.0378753,0.2790298,1.0,0.69248563,0.6245048,0.07026917,0.6540387,0.6534708,0.064460784
18,15_pg_1.mp4,0.26311022,0.14468408,0.7618379,0.4886813,0.10775151,0.0,0.17341144,0.51511353,1.0,0.037661716,0.7092735,0.22975951,0.21662113,1.0,0.560517,0.6607474,0.2384786,0.3702117,0.4442223,0.031365525
19,15_pg_1.mp4,0.28582212,0.15223727,0.8050277,0.3470136,0.04294574,0.0,0.11521397,0.043360785,0.0,0.02341905,0.69194007,0.25687408,0.2450042,0.0,0.640085,0.67506844,0.5579414,0.26478004,0.10093988,0.024981376
20,15_pg_1.mp4,0.31793472,0.12899971,0.7817008,0.3579931,0.052363995,1.0,0.13810788,0.23964685,0.0,0.020275641,0.60837924,0.28247046,0.26730227,1.0,0.48339346,0.6981465,0.18760002,0.29756328,0.34563157,0.03252475
21,15_pg_1.mp4,0.27414066,0.14638442,0.798638,0.38580662,0.05374069,1.0,0.14732447,0.16464832,0.0,0.020612387,0.6246697,0.42991254,0.283819,0.0,0.5683075,0.6544157,0.48307955,0.30676407,0.35778958,0.04947264
22,15_pg_1.mp4,0.34152812,0.15714884,0.7142012,0.41151008,0.06078621,0.0,0.14261739,0.07818675,0.0,0.03422825,0.76535124,0.37600568,0.39347365,0.0,0.6598936,0.6742109,0.12044559,0.55362785,0.18916477,0.05002907
23,15_pg_1.mp4,0.34020242,0.3245624,0.5435741,0.3146505,0.21565557,1.0,0.408876,0.402659,1.0,0.16821045,0.6936117,0.35577124,0.32822803,1.0,0.5326035,0.7314689,0.96866703,0.86539245,0.30279386,0.08014201
24,15_pg_1.mp4,0.36293468,0.3293344,0.6550993,0.3144342,0.25591668,1.0,0.50522906,0.09654721,1.0,0.17083214,0.6601225,0.33334887,0.28946966,1.0,0.651676,0.71926117,0.7130888,0.7982493,0.34995705,0.08037393
0,55_pg_2.mp4,0.28526002,0.19252071,0.1230321,0.60906607,0.051182065,0.0,0.1355295,0.07321597,1.0,0.039756086,0.14969634,0.42906418,0.5377427,0.0,0.4556699,0.7391687,0.005780416,0.07249315,0.47580814,0.07670908
1,55_pg_2.mp4,0.2645229,0.22535226,0.06627324,0.60454977,0.052414313,0.0,0.14924268,0.117844224,1.0,0.038981803,0.16079442,0.541603,0.55711275,0.0,0.56330884,0.7284941,0.0071687764,0.073632,0.5541947,0.07995021
2,55_pg_2.mp4,0.3546294,0.20438273,0.068891995,0.6060036,0.052562065,0.0,0.13302979,0.02892754,1.0,0.041439775,0.1681368,0.6358616,0.5715846,0.0,0.5341866,0.815583,0.0071558333,0.063055955,0.63270915,0.07740356
3,55_pg_2.mp4,0.38395724,0.34757876,0.27324378,0.576557,0.065163225,0.0,0.13204806,0.23469417,1.0,0.059099995,0.14467323,0.65806353,0.4710033,0.0,0.41896954,0.7628563,0.007635573,0.05527569,0.40680227,0.07262913
4,55_pg_2.mp4,0.39037472,0.2928745,0.19937474,0.64477855,0.07091954,0.0,0.16508773,0.020235552,0.0,0.04953876,0.15677892,0.38391572,0.4645888,0.0,0.44245705,0.72540075,0.022659995,0.1193555,0.36413985,0.07704687
5,55_pg_2.mp4,0.33594456,0.3481401,0.19878446,0.62609655,0.07625117,0.0,0.14278282,0.24934909,1.0,0.0720001,0.18760765,0.66139406,0.47217005,0.0,0.3761709,0.69942826,0.026786286,0.10363349,0.35948732,0.0527615
6,55_pg_2.mp4,0.32210103,0.42169642,0.14652558,0.6333912,0.061058875,0.0,0.16116937,0.3303003,1.0,0.0700912,0.12659882,0.53827554,0.50497997,0.0,0.39561537,0.7194601,0.0132521335,0.08983292,0.42440048,0.047979366
7,55_pg_2.mp4,0.35531607,0.48370206,0.24532992,0.6186864,0.06650703,0.0,0.13155027,0.16913076,0.0,0.076972544,0.10926371,0.546338,0.4595002,0.0,0.4365528,0.8122765,0.0030774802,0.096523374,0.36309534,0.045518566
8,55_pg_2.mp4,0.36615807,0.44119564,0.23317593,0.60216254,0.060149215,0.0,0.15754014,0.3370849,1.0,0.0657577,0.1426593,0.51026255,0.5093022,0.0,0.37469944,0.7314093,0.019584069,0.089245304,0.5057928,0.046557866
9,55_pg_2.mp4,0.31653097,0.40153,0.2290414,0.60216254,0.057852834,0.0,0.14183238,0.182271,0.0,0.08645292,0.108951226,0.48300707,0.49321043,0.0,0.4237633,0.79605484,0.005166447,0.13528635,0.32669836,0.043546982
10,55_pg_2.mp4,0.32773912,0.47838667,0.19242671,0.64227945,0.06280748,0.0,0.12549078,0.06274997,0.0,0.06440549,0.12114128,0.47299355,0.4668404,0.0,0.46694604,0.7563855,0.0070566647,0.11341258,0.3651842,0.051833376
11,55_pg_2.mp4,0.34492284,0.5151424,0.29845726,0.6152402,0.06238217,0.0,0.13776745,0.03815596,1.0,0.0652551,0.12857623,0.5629514,0.46859685,0.0,0.43606016,0.70666045,0.005222652,0.068586536,0.3399318,0.04849542
12,55_pg_2.mp4,0.3546808,0.4163882,0.3083788,0.5914644,0.06792339,0.0,0.1579973,0.03934235,0.0,0.0689062,0.13684401,0.4647009,0.47877282,0.0,0.3809528,0.6981645,0.0043815025,0.10150333,0.26228037,0.06062412
13,55_pg_2.mp4,0.33105388,0.29724327,0.18779787,0.6244617,0.063921236,0.0,0.14366627,0.02777359,0.0,0.055272106,0.1281888,0.5262479,0.44682267,0.0,0.36395434,0.7086568,0.013156062,0.13924047,0.29632643,0.06386089
14,55_pg_2.mp4,0.38541222,0.27101135,0.2075613,0.62666035,0.06261258,0.0,0.12506908,0.02460173,0.0,0.055708446,0.14342625,0.65799284,0.48342788,0.0,0.57843965,0.7799801,0.0032726806,0.110569894,0.40143466,0.094205774
15,55_pg_2.mp4,0.34302226,0.26898274,0.24182482,0.6595137,0.060291957,0.0,0.11543439,0.021295948,1.0,0.058200832,0.12791407,0.6375001,0.45199862,0.0,0.5659419,0.72042084,0.006915545,0.08490645,0.23351021,0.10364487
16,55_pg_2.mp4,0.36858445,0.33064845,0.26888576,0.6244617,0.056830093,0.0,0.10567534,0.0103698885,1.0,0.06408258,0.13379985,0.6634971,0.50438195,0.0,0.5928811,0.81245774,0.03748008,0.15756167,0.22181892,0.09972648
17,55_pg_2.mp4,0.33047807,0.38215688,0.22663556,0.62042236,0.06751706,0.0,0.13783675,0.027272295,1.0,0.06561156,0.10715594,0.75607663,0.4298749,0.0,0.4593125,0.74015296,0.022095297,0.13070272,0.33628595,0.07112056
18,55_pg_2.mp4,0.36448312,0.4070427,0.23440656,0.620084,0.07012171,0.0,0.14235954,0.055318303,1.0,0.07770283,0.14643675,0.8411965,0.47756425,0.0,0.4313644,0.7658952,0.032578796,0.089473136,0.15511632,0.07119949
19,55_pg_2.mp4,0.35116205,0.38692203,0.23517148,0.6441701,0.06311599,0.0,0.13681231,0.08491316,1.0,0.08978297,0.14130732,0.6660887,0.49948728,0.0,0.45441875,0.7539406,0.0027019714,0.113736875,0.2776114,0.06425083
20,55_pg_2.mp4,0.35333672,0.2944999,0.22391622,0.5940392,0.058813512,0.0,0.16627257,0.090171635,1.0,0.0840794,0.15434942,0.5484939,0.5022569,0.0,0.38213968,0.80637014,0.03511936,0.117496684,0.21552286,0.09915831
21,55_pg_2.mp4,0.3426406,0.30411634,0.21269198,0.6371735,0.071351506,0.0,0.1371229,0.046091553,0.0,0.0835561,0.12734886,0.78688425,0.56014514,0.0,0.628711,0.7818499,0.005662566,0.08390604,0.38948637,0.09924323
22,55_pg_2.mp4,0.32894662,0.31892213,0.1964823,0.66703796,0.072024114,0.0,0.103719056,0.020039564,1.0,0.042854946,0.12697454,0.6409322,0.4894914,0.0,0.60435796,0.80433875,0.0037135931,0.122300856,0.33580732,0.09793031
23,55_pg_2.mp4,0.35839167,0.3586048,0.27756453,0.6540963,0.074479766,0.0,0.113162555,0.017860427,1.0,0.051079802,0.11364194,0.66657317,0.46864706,0.0,0.5088215,0.7898827,0.01287356,0.085604936,0.2695146,0.06974872
24,55_pg_2.mp4,0.32974365,0.39949343,0.2298383,0.6624366,0.065487824,0.0,0.115028046,0.031388808,1.0,0.049136516,0.109361514,0.70920414,0.527625,0.0,0.6395479,0.7591216,0.0092766825,0.07731968,0.32143813,0.114811555
25,55_pg_2.mp4,0.32885247,0.29139853,0.18762475,0.64954317,0.06878692,0.0,0.113444544,0.2214828,0.0,0.054091867,0.15171663,0.6098645,0.45931342,0.0,0.58266056,0.81761134,0.006655624,0.10456873,0.26927188,0.075045474
26,55_pg_2.mp4,0.36301565,0.3941786,0.36442408,0.6430704,0.06461672,0.0,0.14586894,0.27065134,0.0,0.051796336,0.23987016,0.58461356,0.4998658,0.0,0.6131726,0.8005526,0.0012042009,0.12034183,0.51489794,0.09237455
27,55_pg_2.mp4,0.4023012,0.54248637,0.19548999,0.6384782,0.0642604,0.0,0.14444697,0.013836581,0.0,0.05855641,0.19864829,0.60669875,0.50701416,0.0,0.55703753,0.823639,0.0015766413,0.14822023,0.40762985,0.05930708
28,55_pg_2.mp4,0.37856033,0.29738095,0.21080883,0.63504845,0.07406843,0.0,0.14591697,0.008472467,1.0,0.08302881,0.17061904,0.7870636,0.4974619,0.0,0.635344,0.83008915,0.020500865,0.14027028,0.3236881,0.08887146
29,55_pg_2.mp4,0.41347927,0.20104493,0.47428846,0.24803461,0.07677149,0.0,0.19746873,0.00891416,0.0,0.0718247,0.27709287,0.6891241,0.5218909,0.0,0.58886003,0.7944052,0.040882852,0.19138695,0.6273798,0.26937354
30,55_pg_2.mp4,0.35664135,0.19430211,0.4300594,0.24544089,0.07720201,0.0,0.20679583,0.03400796,0.0,0.0837718,0.22281331,0.6657113,0.50138223,0.0,0.60765886,0.8273696,0.13240154,0.2023205,0.46125314,0.24985453
31,55_pg_2.mp4,0.37786028,0.25361156,0.23032808,0.414761,0.07505709,0.0,0.14664103,0.08458793,0.0,0.074010454,0.26264852,0.50147575,0.58322686,0.0,0.6105249,0.8303743,0.023415402,0.14772274,0.62232643,0.06976975
32,55_pg_2.mp4,0.34109598,0.32031557,0.38294694,0.40244272,0.07230315,0.0,0.14913276,0.50628895,1.0,0.08101323,0.2927407,0.565352,0.55353653,0.0,0.56949943,0.7243592,0.0697024,0.15952644,0.66093147,0.055135757
33,55_pg_2.mp4,0.29934147,0.38572285,0.23163117,0.64066625,0.053739633,0.0,0.13175589,0.029672602,0.0,0.05545885,0.12511185,0.54123676,0.48011965,0.0,0.45413533,0.65158546,0.0032728752,0.12973624,0.6092465,0.061773457
34,55_pg_2.mp4,0.31077644,0.34745702,0.25738913,0.6408676,0.047869135,0.0,0.12423295,0.017901704,1.0,0.06247977,0.12302402,0.56812304,0.49031293,0.0,0.36028618,0.66734797,0.00042147905,0.09338222,0.5844433,0.049910225
35,55_pg_2.mp4,0.31319347,0.38922828,0.22818415,0.64223945,0.04845329,0.0,0.12867719,0.017930448,0.0,0.058317017,0.13286392,0.65847296,0.46684718,0.0,0.4291707,0.6648523,0.005760435,0.17146306,0.5237089,0.064093426
36,55_pg_2.mp4,0.2505728,0.38133398,0.16588642,0.5858491,0.06540303,0.0,0.15997893,0.01721698,0.0,0.040616963,0.14215164,0.6475734,0.5005204,0.0,0.37629244,0.73452497,0.0039212084,0.10618771,0.44134253,0.054554436
37,55_pg_2.mp4,0.23276697,0.35266143,0.13262458,0.58401155,0.062402,0.0,0.16718821,0.027849432,0.0,0.04592497,0.119139194,0.5706189,0.47251883,0.0,0.3016139,0.6861738,0.0045320615,0.12027726,0.34675774,0.063222826
38,55_pg_2.mp4,0.38013357,0.5035869,0.06467206,0.61877966,0.04785554,0.0,0.14794846,0.002176984,1.0,0.031055242,0.119155295,0.44010106,0.4969335,0.0,0.4171751,0.59637505,0.0064426614,0.12390946,0.22593941,0.06453323
39,55_pg_2.mp4,0.42860496,0.3998278,0.075427964,0.7392162,0.060017303,0.0,0.11958996,0.01414162,0.0,0.031621654,0.12786879,0.33628944,0.31372562,0.0,0.30518094,0.503599,0.051837064,0.16748261,0.07068975,0.053561535
40,55_pg_2.mp4,0.43108734,0.39274818,0.10375127,0.6617161,0.05888833,0.0,0.09828042,0.0076201144,0.0,0.03255101,0.15530232,0.30444786,0.42151314,0.0,0.42567623,0.6056935,0.13942976,0.12742448,0.038434774,0.065596744
41,55_pg_2.mp4,0.42052567,0.5372382,0.10640251,0.69645715,0.037231736,0.0,0.098525465,0.006867224,0.0,0.018590644,0.16626304,0.5194334,0.34956518,0.0,0.45698297,0.6098065,0.03852642,0.17963156,0.028702704,0.034331936
42,55_pg_2.mp4,0.40121308,0.43356147,0.11875547,0.7672298,0.03667314,0.0,0.10025112,0.008796749,0.0,0.020422215,0.1588215,0.45004362,0.34337643,0.0,0.4915504,0.5778586,0.08761024,0.109933354,0.03758791,0.03801419
43,55_pg_2.mp4,0.5107118,0.57092184,0.20745173,0.65295804,0.038671557,0.0,0.08263828,0.052883524,0.0,0.018328978,0.21693546,0.33459786,0.3295997,0.0,0.4475028,0.74027556,0.009500581,0.09519425,0.11354009,0.031750426
44,55_pg_2.mp4,0.40720204,0.50789225,0.19155273,0.6575557,0.04629048,0.0,0.10740186,0.022936502,0.0,0.020985577,0.105433084,0.52229756,0.4305059,0.0,0.41477358,0.5092571,0.020764027,0.123492934,0.16506462,0.030764222
45,55_pg_2.mp4,0.3179511,0.39408264,0.1449738,0.64822966,0.041649256,0.0,0.09817645,0.020731682,0.0,0.02805135,0.14683507,0.64548606,0.452558,0.0,0.3736187,0.52738476,0.3395373,0.08450262,0.1032558,0.033201844
46,55_pg_2.mp4,0.29788896,0.26893413,0.2598124,0.65521556,0.036940098,0.0,0.10440208,0.012749359,0.0,0.03052603,0.15646939,0.60926265,0.38067457,0.0,0.34792632,0.5107671,0.26113957,0.1263673,0.18254611,0.027009258
47,55_pg_2.mp4,0.26903224,0.27620113,0.23811477,0.6489417,0.038681112,0.0,0.10708537,0.024010438,0.0,0.030329395,0.15335302,0.65121055,0.40872037,0.0,0.3609569,0.48040566,0.16474949,0.1454857,0.096232645,0.027945254
48,55_pg_2.mp4,0.30570436,0.23625383,0.24328063,0.6384382,0.049392227,0.0,0.11914869,0.009884694,0.0,0.025349895,0.17194925,0.47863954,0.35943353,0.0,0.30337566,0.5884222,0.060526915,0.08865732,0.2746121,0.030545423
49,55_pg_2.mp4,0.29881278,0.3232032,0.16894054,0.6338717,0.036864337,0.0,0.12265312,0.024824534,0.0,0.04319293,0.18044786,0.46199375,0.42717272,0.0,0.2654662,0.637262,0.03167513,0.1309316,0.07406373,0.029337334
50,55_pg_2.mp4,0.28057113,0.2719933,0.2488288,0.6248626,0.04049875,0.0,0.10993596,0.009104573,0.0,0.03465022,0.15798515,0.40843093,0.43973684,0.0,0.27663252,0.60710305,0.020970926,0.18239516,0.08362198,0.029725054
51,55_pg_2.mp4,0.27261028,0.24389265,0.22739868,0.7167042,0.045221873,0.0,0.12567765,0.045482095,0.0,0.03042908,0.17202061,0.47167394,0.3633147,0.0,0.36990345,0.562281,0.18768302,0.14659077,0.08890094,0.026606904
52,55_pg_2.mp4,0.3206243,0.24213147,0.20077884,0.719514,0.04571783,0.0,0.123847865,0.027075224,0.0,0.033719018,0.13849996,0.508193,0.37591568,0.0,0.32975125,0.5625655,0.16852863,0.13563173,0.08993369,0.027743649
53,55_pg_2.mp4,0.2864825,0.2816577,0.20705247,0.65300983,0.04412168,0.0,0.1043651,0.014428745,0.0,0.030936746,0.16959435,0.38700253,0.46201614,0.0,0.26371104,0.5561722,0.026646594,0.20038684,0.09782423,0.02367526
54,55_pg_2.mp4,0.25916767,0.27856934,0.37282678,0.62437534,0.04438196,0.0,0.12921783,0.027351957,0.0,0.02026961,0.164316,0.41576394,0.3656731,0.0,0.32832125,0.6695313,0.16034093,0.2703999,0.0984686,0.029134925
55,55_pg_2.mp4,0.26749378,0.30578718,0.3567507,0.63772166,0.04539176,0.0,0.12649596,0.015944451,0.0,0.026340991,0.16578625,0.58513683,0.39359114,0.0,0.32008445,0.6484388,0.051983338,0.20997906,0.08685546,0.025703477
56,55_pg_2.mp4,0.2632372,0.20840843,0.23800743,0.6373613,0.048710022,0.0,0.11674375,0.0027883903,0.0,0.025258563,0.11278386,0.3788778,0.42697114,0.0,0.28582683,0.5802786,0.022020308,0.14845593,0.066720515,0.028314145
57,55_pg_2.mp4,0.2631063,0.25047502,0.17661378,0.6293976,0.044611484,0.0,0.14041081,0.014193327,0.0,0.03273088,0.12438473,0.14682746,0.36631376,0.0,0.3545298,0.5998431,0.0042275586,0.20406882,0.18382001,0.025822662
58,55_pg_2.mp4,0.26518753,0.24216223,0.27869383,0.70643324,0.046008427,0.0,0.1020314,0.005319237,0.0,0.03110824,0.12102932,0.38512945,0.5048751,0.0,0.37122518,0.59192765,0.08724528,0.21441597,0.085616656,0.025127716
